lemma_x	pos_x	en_word_x	en_definition_x	sentence_x	code	wn_definition_x	confidence_x	lemma_y	pos_y	en_word_y	en_definition_y	sentence_y	wn_definition_y	confidence_y	lux_definition
Aarbecht	SUBST	work	employment	huet däi Brudder endlech eng Aarbecht fonnt? 	AARBECHT1UNI3	the occupation for which you are paid	0.5659403204917908	Aarbecht	SUBST	work	employment	huet däi Brudder endlech eng Aarbecht fonnt? 	be employed	0.7474806308746338	Eng Plaz hunn
Abus	SUBST	abuse	misuse	a Saache Jugendaarbecht mussen all méiglech Abuse verhënnert ginn 	ABUS1UNI1	improper or excessive use	0.6425849795341492	Abus	SUBST	abuse	misuse	a Saache Jugendaarbecht mussen all méiglech Abuse verhënnert ginn 	use wrongly or improperly or excessively	0.6524301171302795	Eppes op eng falsch, onpassend oder iwwerméisseg Manéier benotzen.
ageheien	VRB	to post	a letter	ech muss d'Bréiwer den Owend nach ageheien 	AGEHEIEN1UNI1	cause to be directed or transmitted to another place	0.3044420480728149	ageheien	VRB	to post	a letter	ech muss d'Bréiwer den Owend nach ageheien 	the delivery and collection of letters and packages	0.630477249622345	d'Liwweren an d'Ofhuele vu Bréiwer a Päck
Agrement	SUBST	licence	authorization	fir eng konventionéiert Crèche däerfen opzemaachen, brauch een en Agrement vum zoustännege Ministère 	AGREMENT1UNI1	a legal document giving official permission to do something	0.4233264923095703	Agrement	SUBST	licence	authorization	fir eng konventionéiert Crèche däerfen opzemaachen, brauch een en Agrement vum zoustännege Ministère 	authorize officially	0.727744996547699	Offiziell erlaben
Amateur	SUBST	amateur	unprofessional person	seng Aarbecht ass net ze gebrauchen, hien ass e richtegen Amateur 	AMATEUR1UNI3	an athlete who does not play for pay	0.2755531370639801	Amateur	SUBST	amateur	unprofessional person	seng Aarbecht ass net ze gebrauchen, hien ass e richtegen Amateur 	lacking professional skill or expertise	0.6048738956451416	ouni professionell Fäegkeeten oder Erfarung
änneren	VRB	to change	to alter	deen Text ass schonn zweemol geännert ginn 	ANNEREN1UNI1	cause to change; make different; cause a transformation	0.6348235011100769	änneren	VRB	to change	to alter	deen Text ass schonn zweemol geännert ginn 	the action of changing something	0.6865001320838928	d'Aktioun fir eppes anescht ze maachen
änneren	VRB	to change	to vary, to alter	eis Cheffin ännert opfälleg dacks hir Meenung 	ANNEREN1UNI2	cause to change; make different; cause a transformation	0.6221588850021362	änneren	VRB	to change	to vary, to alter	eis Cheffin ännert opfälleg dacks hir Meenung 	the result of alteration or modification	0.6789047718048096	D'Resultat vun enger Verännerung oder Upassung.
antik	ADJ	antique	old and collectable	hien huet en anticke Lüster am Gank hänken 	ANTIK1UNI1	made in or typical of earlier times and valued for its age	0.5713662505149841	antik	ADJ	antique	old and collectable	hien huet en anticke Lüster am Gank hänken 	shop for antiques	0.6216146349906921	Buttek wou een al Géigestänn ka kafen
Arrêt	SUBST	stop	halt	den Zuch mécht zu Miersch nëmmen e kuerzen Arrêt 	ARRET1UNI2	the act of stopping something	0.5422136783599854	Arrêt	SUBST	stop	halt	den Zuch mécht zu Miersch nëmmen e kuerzen Arrêt 	come to a halt, stop moving	0.6396685838699341	ophalen sech ze beweegen, stoe bleiwen
Augmentatioun	SUBST	rise	increase	hatt hätt endlech gären eng Augmentatioun vu senger Pai 	AUGMENTATIOUN1UNI1	an increase in cost	0.5988250374794006	Augmentatioun	SUBST	rise	increase	hatt hätt endlech gären eng Augmentatioun vu senger Pai 	increase in volume	0.6335985660552979	Erhéijung vum Volumen
Ausried	SUBST	excuse	justification	hatt huet no enger Ausried gesicht, fir net musse mat him an de Kino ze goen 	AUSRIED1UNI1	a defense of some offensive behavior or some failure to keep a promise etc.	0.4170759916305542	Ausried	SUBST	excuse	justification	hatt huet no enger Ausried gesicht, fir net musse mat him an de Kino ze goen 	serve as a reason or cause or justification of	0.6320908069610596	als Grond oder Erklärung fir eppes déngen
ausschëdden	VRB	to empty	a container	schëtt de Krou aus ! 	AUSSCHEDDEN1UNI1	become empty or void of its content	0.3120529949665069	ausschëdden	VRB	to empty	a container	schëtt de Krou aus ! 	a container that has been emptied	0.704635500907898	e Behälter, deen eidel gemaach gouf
auswerfen	VRB	to cast	a fishing line	d'Fëscher hunn d'Aangel ausgeworf 	AUSWERFEN1UNI1	throw forcefully	0.2031755298376083	auswerfen	VRB	to cast	a fishing line	d'Fëscher hunn d'Aangel ausgeworf 	the act of throwing a fishing line out over the water by means of a rod and reel	0.6397079229354858	d'Handlung, eng Angelschnouer mat enger Rutt an enger Roll iwwert d'Waasser ze geheien
Auteur	SUBST	author	writer	den Auteur schafft un engem neie Roman 	AUTEUR1UNI1	writes (books or stories or articles or the like) professionally (for pay)	0.6133695840835571	Auteur	SUBST	author	writer	den Auteur schafft un engem neie Roman 	be the author of	0.6955666542053223	D'Persoun sinn, déi eppes geschriwwen huet.
Aviatioun	SUBST	flying	aviation	mäi Jong ass vun der Aviatioun begeeschtert a wëllt Pilot ginn 	AVIATIOUN1UNI1	an instance of traveling by air	0.4283320605754852	Aviatioun	SUBST	flying	aviation	mäi Jong ass vun der Aviatioun begeeschtert a wëllt Pilot ginn 	operate an airplane	0.6094931364059448	E Fliger steieren an domat fléien.
awerfen	VRB	to post	a letter	vergiess net, de Bréif anzewerfen ! 	AWERFEN1UNI1	cause to be directed or transmitted to another place	0.3044420480728149	awerfen	VRB	to post	a letter	vergiess net, de Bréif anzewerfen ! 	the delivery and collection of letters and packages	0.630477249622345	D'Liwweren an Ofhuele vu Bréiwer a Päck.
baggeren	VRB	to dig	to work with a digger	um Chantier gëtt bis owes spéit gebaggert 	BAGGEREN1UNI1	create by digging	0.5582241415977478	baggeren	VRB	to dig	to work with a digger	um Chantier gëtt bis owes spéit gebaggert 	the act of digging	0.6136833429336548	d'Aktioun vum Gruewen
bäissen	VRB	to bite	to sink one's teeth in something	de Pätter kann net méi bäissen 	BAISSEN1UNI4	to grip, cut off, or tear with or as if with the teeth or jaws	0.5994161367416382	bäissen	VRB	to bite	to sink one's teeth in something	de Pätter kann net méi bäissen 	the act of gripping or chewing off with the teeth and jaws	0.6496980786323547	D'Handlung vum Gräifen oder Ofknätschen mat den Zänn an de Kiefer.
Balance	SUBST	balance	equilibrium	de Seeldänzer däerf d'Balance net verléieren, soss riskéiert en erofzefalen 	BALANCE1UNI1	a state of equilibrium	0.8279103636741638	Balance	SUBST	balance	equilibrium	de Seeldänzer däerf d'Balance net verléieren, soss riskéiert en erofzefalen 	be in equilibrium	0.8582607507705688	am Gläichgewiicht sinn
behiewen	VRB	to remedy	to rectify	et soll ee kleng Schwieregkeeten direkt behiewen 	BEHIEWEN1UNI1	provide relief for	0.4234265387058258	behiewen	VRB	to remedy	to rectify	et soll ee kleng Schwieregkeeten direkt behiewen 	act of correcting an error or a fault or an evil	0.6070860624313354	Handlung fir e Feeler, e Mangel oder eppes Schlechtes erëm gutt ze maachen.
Bemierkung	SUBST	remark	comment, observation	du hues et eraus, fir am richtege Moment déi richteg Bemierkung ze maachen! 	BEMIERKUNG1UNI2	a statement that expresses a personal opinion or belief or adds information	0.4321470856666565	Bemierkung	SUBST	remark	comment, observation	du hues et eraus, fir am richtege Moment déi richteg Bemierkung ze maachen! 	make or write a comment on	0.6109856367111206	eppes soen oder schreiwen iwwer eppes wat engem opgefall ass
benotzen	VRB	to use	to make use of	dat Wuert gëtt bal ni benotzt 	BENOTZEN1UNI1	use up, consume fully	0.5897121429443359	benotzen	VRB	to use	to make use of	dat Wuert gëtt bal ni benotzt 	the act of using	0.6653586030006409	d'Handlung, eppes anzesetzen
besser	ADJ	better	of better quality, superior	ech brauch e bessere Knäip, deen heiten daacht näischt 	BESSER1UNI1	(comparative of `good') superior to another (of the same class or set or kind) in excellence or quality or desirability or suitability; more highly skilled than another	0.4525525569915771	besser	ADJ	better	of better quality, superior	ech brauch e bessere Knäip, deen heiten daacht näischt 	something superior in quality or condition or effect	0.6463102102279663	eppes wat méi héichwäerteg ass a Qualitéit, Zoustand oder Wierkung
Bestand	SUBST	stock	supply	am Mëttelmier ass de Bestand vun de Sardinne staark zeréckgaangen 	BESTAND1UNI1	a supply of something available for future use	0.5447865724563599	Bestand	SUBST	stock	supply	am Mëttelmier ass de Bestand vun de Sardinne staark zeréckgaangen 	supply with fish	0.647251307964325	mat Fësch beliwweren
betounen	VRB	to stress	to emphasize	ech wëll betounen , datt ech domat net averstane sinn! 	BETOUNEN1UNI2	to stress, single out as important	0.4982547163963318	betounen	VRB	to stress	to emphasize	ech wëll betounen , datt ech domat net averstane sinn! 	special emphasis attached to something	0.6075826287269592	besonnesch ervirhiewen oder ënnersträichen vun eppes
bëtschelen	VRB	to kid	goat	eng vun eise Geessen huet an der Nuecht gebëtschelt 	BETSCHELEN1UNI1	be silly or tease one another	0.0858015343546867	bëtschelen	VRB	to kid	goat	eng vun eise Geessen huet an der Nuecht gebëtschelt 	young goat	0.7353958487510681	Jonk Geesschen
Biddi	SUBST	horse	riding horse	déi déck Baueren hate fréier e puer Schaffpäerd an e Biddi , fir an d'Kutsch ze spanen 	BIDDI1UNI1	troops trained to fight on horseback	0.4826119542121887	Biddi	SUBST	horse	riding horse	déi déck Baueren hate fréier e puer Schaffpäerd an e Biddi , fir an d'Kutsch ze spanen 	provide with a horse or horses	0.6076391339302063	mat engem Päerd oder méi Päerd ausstafféieren
biergof	ADV	downhill	downwards	biergof geet et méi séier ewéi biergop 	BIERGOF1UNI1	toward the bottom of a hill	0.5570818185806274	biergof	ADV	downhill	downwards	biergof geet et méi séier ewéi biergop 	sloping down rather steeply	0.6010116934776306	mat enger éischter géier erofgoender Schréiegt
Biischt	SUBST	brush	hand brush	gëff mer d'Schëpp an d'Biischt , fir d'Grimmelen opzekieren! 	BIISCHT1UNI3	the act of brushing your hair	0.6362401843070984	Biischt	SUBST	brush	hand brush	gëff mer d'Schëpp an d'Biischt , fir d'Grimmelen opzekieren! 	clean with a brush	0.7208412885665894	Mat enger Pinsell oder engem Besen propper maachen
Billjee	SUBST	ticket	entrance, travel	ech hu mer e Billjee kaaft, fir mam Zuch op Léck ze fueren 	BILLJEE1UNI1	a commercial document showing that the holder is entitled to something (as to ride on public transportation or to enter a public entertainment)	0.2313998341560363	Billjee	SUBST	ticket	entrance, travel	ech hu mer e Billjee kaaft, fir mam Zuch op Léck ze fueren 	provide with a ticket for passage or admission	0.6233118772506714	Engem en Ziedel ginn, fir datt en Zougang oder Zoutrëtt huet.
blann	ADJ	blind	unable to see	meng Kusin ass vu Klengem u blann 	BLANN1UNI1	unable to see; --Kenneth Jernigan	0.6378206014633179	blann	ADJ	blind	unable to see	meng Kusin ass vu Klengem u blann 	render unable to see	0.6458321213722229	maachen, datt een näischt méi gesäit
Bléck	SUBST	look	expression	däi Bléck mécht mer Angscht! 	BLECK1UNI1	the feelings expressed on a person's face	0.4181209504604339	Bléck	SUBST	look	expression	däi Bléck mécht mer Angscht! 	convey by one's expression	0.6307560205459595	Mat sengem Gesiichtsausdrock eppes vermëttelen.
blosen	VRB	to blow	wind	gëschter huet e staarke Wand geblosen 	BLOSEN1UNI6	be blowing or storming	0.6337844133377075	blosen	VRB	to blow	wind	gëschter huet e staarke Wand geblosen 	a strong current of air	0.6530027389526367	eng staark Loftstréimung
Broch	SUBST	fracture	of a bone	wann de Broch gutt verheelt ass, kënne mer de Gips erofhuelen 	BROCH1UNI1	breaking of hard tissue such as bone	0.5378337502479553	Broch	SUBST	fracture	of a bone	wann de Broch gutt verheelt ass, kënne mer de Gips erofhuelen 	fracture a bone of	0.6298167705535889	E Knach briechen oder splécken.
Bügel	SUBST	bugle	bugle-horn	um Galaconcert huet eise fréieren Dirigent e Solo um Bügel gespillt 	BUGEL1UNI1	a brass instrument without valves; used for military calls and fanfares	0.5442352294921875	Bügel	SUBST	bugle	bugle-horn	um Galaconcert huet eise fréieren Dirigent e Solo um Bügel gespillt 	play on a bugle	0.68904709815979	op enger klenger Trompett ouni Ventiller spillen
changéieren	VRB	to change	to vary, to alter, to replace	eise Chef changéiert stänneg seng Meenung 	CHANGEIEREN1UNI3	cause to change; make different; cause a transformation	0.6579370498657227	changéieren	VRB	to change	to vary, to alter, to replace	eise Chef changéiert stänneg seng Meenung 	the result of alteration or modification	0.6583428978919983	D'Resultat vun enger Verännerung oder Upassung.
Charge	SUBST	charge	responsibility, duty	ech hunn d'Charge vum President vun der Associatioun ugeholl 	CHARGE2UNI4	attention and management implying responsibility for safety	0.4453567862510681	Charge	SUBST	charge	responsibility, duty	ech hunn d'Charge vum President vun der Associatioun ugeholl 	assign a duty, responsibility or obligation to	0.750706136226654	Eng Aufgab, Verantwortung oder Flicht zouweisen
Convocatioun	SUBST	summons	to appear in court	wéinst där luscher Affär kruten si eng Convocatioun fir op d'Geriicht 	CONVOCATIOUN1UNI1	a writ issued by authority of law; usually compels the defendant's attendance in a civil suit; failure to appear results in a default judgment against the defendant	0.5764713287353516	Convocatioun	SUBST	summons	to appear in court	wéinst där luscher Affär kruten si eng Convocatioun fir op d'Geriicht 	call in an official matter, such as to attend court	0.6430148482322693	Offiziell Opfuerderung fir bei enger Instanz ze erschéngen, wéi zum Beispill viru Geriicht.
Coupe	SUBST	cut	tailoring	déi Coupe do geet der net! 	COUPE3UNI2	the style in which a garment is cut	0.5291101932525635	Coupe	SUBST	cut	tailoring	déi Coupe do geet der net! 	style and tailor in a certain fashion	0.7314175963401794	Eppes an engem bestëmmte Stil schneidderen an gestalten.
Debat	SUBST	debate	discussion, argument	am Kommitee gouf et en heftegen Debat iwwer d'Opstelle vun neie Statuten 	DEBAT1UNI1	a discussion in which reasons are advanced for and against some proposition or proposal	0.6786791086196899	Debat	SUBST	debate	discussion, argument	am Kommitee gouf et en heftegen Debat iwwer d'Opstelle vun neie Statuten 	have an argument about something	0.7627845406532288	Eng Meenungsverschiddenheet iwwer eppes hunn
deelen	VRB	to fork	to branch	do, wou de Wee sech deelt , musse mer no riets goen 	DEELEN1UNI5	divide into two or more branches so as to form a fork	0.5459727644920349	deelen	VRB	to fork	to branch	do, wou de Wee sech deelt , musse mer no riets goen 	the act of branching out or dividing into branches	0.607886791229248	D'Aktioun vum Ofzweigen oder Opdeele vu verschiddenen Äerm.
dënn	ADJ	thin	of little thickness	op den Diech läit eng dënn Kusch Schnéi 	DENN1UNI2	relatively thin in consistency or low in density; not viscous	0.5782753825187683	dënn	ADJ	thin	of little thickness	op den Diech läit eng dënn Kusch Schnéi 	make thin or thinner	0.630684494972229	méi schmuel oder méi schmuel maachen
dominikanesch	ADJ	Dominican	of the Dominican Republic	op eiser Rees hu mir déi dominikanesch Kultur kenne geléiert 	DOMINIKANESCH1UNI1	of or relating to or characteristic of the Dominican Republic or its people	0.692187488079071	dominikanesch	ADJ	Dominican	of the Dominican Republic	op eiser Rees hu mir déi dominikanesch Kultur kenne geléiert 	a native or inhabitant of the Dominican Republic	0.6995077729225159	eng Persoun, déi aus der Dominikanescher Republik kënnt oder do wunnt
Dram	SUBST	dream	during sleep	ech ka mech ëmmer u meng Dreem erënneren 	DRAM1UNI1	imaginative thoughts indulged in while awake	0.5254511833190918	Dram	SUBST	dream	during sleep	ech ka mech ëmmer u meng Dreem erënneren 	experience while sleeping	0.6545445322990417	Erliefnes wärend dem Schlof.
Dréi	SUBST	shooting	process of filming	d'Stuntfra huet sech beim Dréi vun engem Actionfilm den Aarm gebrach 	DREI1UNI3	the act of firing a projectile	0.2732709348201751	Dréi	SUBST	shooting	process of filming	d'Stuntfra huet sech beim Dréi vun engem Actionfilm den Aarm gebrach 	make a film or photograph of something	0.6334244608879089	e Film oder eng Foto vu eppes maachen
dréien	VRB	to turn	to change direction	de Wand huet gedréit 	DREIEN1UNI7	change orientation or direction, also in the abstract sense	0.6807302236557007	dréien	VRB	to turn	to change direction	de Wand huet gedréit 	a movement in a new direction	0.6929826140403748	eng Beweegung an eng nei Richtung
dreiwen	VRB	to drive	to force to move	fir se ze sträichen, dreift de Bauer d'Kéi an de Stall 	DREIWEN2UNI1	force into or from an action or state, either physically or metaphorically	0.6831927299499512	dreiwen	VRB	to drive	to force to move	fir se ze sträichen, dreift de Bauer d'Kéi an de Stall 	the act of applying force to propel something	0.6918815970420837	D'Handlung, Kraaft unzewennen, fir eppes no vir ze beweegen.
drénken	VRB	to drink	to be an alcoholic	wéi seng Fra gestuerwen ass, huet hien ugefaang mat drénken 	DRENKEN1UNI8	drink excessive amounts of alcohol; be an alcoholic	0.6454638242721558	drénken	VRB	to drink	to be an alcoholic	wéi seng Fra gestuerwen ass, huet hien ugefaang mat drénken 	the act of drinking alcoholic beverages to excess	0.6724563837051392	d'Handlung fir ze vill alkoholescht Gedrénks ze konsuméieren
drillen	VRB	to drill	in military training	den Adjutant huet gudde Geschéck, fir d'Rekrutten ze drillen 	DRILLEN1UNI1	undergo military training or do military exercises	0.5921692848205566	drillen	VRB	to drill	in military training	den Adjutant huet gudde Geschéck, fir d'Rekrutten ze drillen 	(military) the training of soldiers to march (as in ceremonial parades) or to perform the manual of arms	0.6617050766944885	(militäresch) d'Soldaten trainéieren, fir am Takt ze marschéieren (wéi bei Zeremonien) oder fir Waffegreffer auszeféieren
Drock	SUBST	pressure	persuasion, intimidation	d'Ministesch huet dem Drock vun der Ëffentlechkeet noginn an demissionéiert 	DROCK1UNI2	a force that compels	0.4174161255359649	Drock	SUBST	pressure	persuasion, intimidation	d'Ministesch huet dem Drock vun der Ëffentlechkeet noginn an demissionéiert 	exert pressure on someone through threats	0.6485450863838196	Eng Persoun duerch Menacen ënner Drock setzen.
Drock	SUBST	print	process of printing	den éischte Band vum Lexikon ass am Drock 	DROCK2UNI1	a printed picture produced from a photographic negative	0.5607534050941467	Drock	SUBST	print	process of printing	den éischte Band vum Lexikon ass am Drock 	reproduce by printing	0.7002496123313904	duerch Drécken eng Kopie hierstellen
Drock	SUBST	print	printed work	dëst Buch ass en Drock aus dem 17. Joerhonnert 	DROCK2UNI2	availability in printed form	0.634911060333252	Drock	SUBST	print	printed work	dëst Buch ass en Drock aus dem 17. Joerhonnert 	put into print	0.7450841069221497	Op Pabeier erausbréngen
droen	VRB	to carry	to transport	de Papp dréit säi Bouf vill op de Schëlleren 	DROEN1UNI1	transmit or serve as the medium for transmission	0.4038340747356415	droen	VRB	to carry	to transport	de Papp dréit säi Bouf vill op de Schëlleren 	the act of carrying something	0.6429537534713745	d'Aktioun eppes ze halen an ze transportéieren
eleng	ADJ	alone	on one's own	mir dräi ware ganz eleng am Restaurant 	ELENG1UNI1	isolated from others	0.4501010477542877	eleng	ADJ	alone	on one's own	mir dräi ware ganz eleng am Restaurant 	without anybody else or anything else	0.6014242172241211	ouni iergendeen aneren oder eppes anescht
ëmleeën	VRB	to push	a lever, a switch	ech hunn den Hiewel ëmgeluecht , mee et ass näischt geschitt 	EMLEEEN1UNI3	press, drive, or impel (someone) to action or completion of an action	0.4183765053749084	ëmleeën	VRB	to push	a lever, a switch	ech hunn den Hiewel ëmgeluecht , mee et ass näischt geschitt 	an electrical switch operated by pressing	0.650970458984375	en elektresche Schalter, deen duerch Drécken aktivéiert gëtt
ënnerierdesch	ADJ	underground	beneath the ground	op der Maartplaz gëtt en neien ënnerierdesche Parking gebaut 	ENNERIERDESCH1UNI1	under the level of the ground	0.7975351810455322	ënnerierdesch	ADJ	underground	beneath the ground	op der Maartplaz gëtt en neien ënnerierdesche Parking gebaut 	beneath the surface of the earth	0.8629878759384155	ënnert der Uewerfläch vun der Äerd
ënnersträichen	VRB	to underline	to draw a line under	d'Joffer ënnersträicht d'Feeler mat engem roude Bic 	ENNERSTRAICHEN1UNI1	draw a line or lines underneath to call attention to	0.6570771336555481	ënnersträichen	VRB	to underline	to draw a line under	d'Joffer ënnersträicht d'Feeler mat engem roude Bic 	a line drawn underneath (especially under written matter)	0.7827156782150269	eng Linn déi ënnert eppes Geschriwwenem gezunn gëtt
Entschëllegung	SUBST	excuse	justification	dat do ass keng Entschëllegung fir Äert schlecht Behuelen! 	ENTSCHELLEGUNG1UNI1	a defense of some offensive behavior or some failure to keep a promise etc.	0.4170759916305542	Entschëllegung	SUBST	excuse	justification	dat do ass keng Entschëllegung fir Äert schlecht Behuelen! 	serve as a reason or cause or justification of	0.6320908069610596	Als Grond oder Erklärung fir eppes déngen.
Equiliber	SUBST	balance	equilibrium	de Cyclist huet den Equiliber verluer an ass vum Vëlo gefall 	EQUILIBER1UNI3	a state of equilibrium	0.8279103636741638	Equiliber	SUBST	balance	equilibrium	de Cyclist huet den Equiliber verluer an ass vum Vëlo gefall 	be in equilibrium	0.8582607507705688	am Gläichgewiicht sinn
eskortéieren	VRB	to escort	to protect, to guard	d'Police huet d'Staatscheffin bis op de Flughafen eskortéiert 	ESKORTEIEREN1UNI1	accompany or escort	0.3258171081542969	eskortéieren	VRB	to escort	to protect, to guard	d'Police huet d'Staatscheffin bis op de Flughafen eskortéiert 	the act of accompanying someone or something in order to protect them	0.6756152510643005	d'Handlung, bei där een eng Persoun oder eppes begleet, fir se ze schützen
Excuse	SUBST	excuse	justification	dat do ass eng bëlleg Excuse 	EXCUSE1UNI1	a defense of some offensive behavior or some failure to keep a promise etc.	0.4170759916305542	Excuse	SUBST	excuse	justification	dat do ass eng bëlleg Excuse 	serve as a reason or cause or justification of	0.6320908069610596	Als Grond, Motiv oder Rechtfäerdegung déngen fir eppes ze maachen.
Exercice	SUBST	exercise	practice learning task	d'Schüler mussen den Exercice doheem fäerdegmaachen 	EXERCICE1UNI1	a task performed or problem solved in order to develop skill or understanding	0.5809717178344727	Exercice	SUBST	exercise	practice learning task	d'Schüler mussen den Exercice doheem fäerdegmaachen 	learn by repetition	0.6451847553253174	Léieren duerch Widderhuelung
favoriséieren	VRB	to favour	to give an advantage to, to give preferential treatment to	dëse Steiersystem favoriséiert déi Leit, déi net vill verdéngen 	FAVORISEIEREN1UNI1	bestow a privilege upon	0.5617206692695618	favoriséieren	VRB	to favour	to give an advantage to, to give preferential treatment to	dëse Steiersystem favoriséiert déi Leit, déi net vill verdéngen 	an advantage to the benefit of someone or something	0.7303481698036194	e Virdeel, deen engem oder eppes zegutt kënnt
Feeler	SUBST	mistake	inaccuracy	de Bouf hat vill Feeler an sengem Diktat 	FEELER1UNI1	part of a statement that is not correct	0.5805230736732483	Feeler	SUBST	mistake	inaccuracy	de Bouf hat vill Feeler an sengem Diktat 	to make a mistake or be incorrect	0.6232430934906006	Eppes falsch maachen oder net richteg sinn
fëmmen	VRB	to smoke	to be a smoker	meng Kolleegin wëllt ophale mat fëmmen 	FEMMEN1UNI2	inhale and exhale smoke from cigarettes, cigars, pipes	0.5256989598274231	fëmmen	VRB	to smoke	to be a smoker	meng Kolleegin wëllt ophale mat fëmmen 	the act of smoking tobacco or other substances	0.6513206958770752	d'Handlung, Tubak oder aner Substanzen ze inhaléieren an auszootmen
Fett	SUBST	grease	lubricant	fir déi Zännrieder muss de dat richtegt Fett benotzen 	FETT2UNI3	a thick fatty oil (especially one used to lubricate machinery)	0.6390331387519836	Fett	SUBST	grease	lubricant	fir déi Zännrieder muss de dat richtegt Fett benotzen 	lubricate with grease	0.6887391805648804	Mat Schmiermëttel aschmieren
fixen	VRB	to fix	to inject drugs	déi Drogesüchteg sichen eng roueg Plaz fir ze fixen 	FIXEN1UNI1	kill, preserve, and harden (tissue) in order to prepare for microscopic study	0.2860023081302643	fixen	VRB	to fix	to inject drugs	déi Drogesüchteg sichen eng roueg Plaz fir ze fixen 	something craved, especially an intravenous injection of a narcotic drug	0.6637203693389893	eppes, no deem ee staark Verlaangen huet, besonnesch eng intravenös Sprëtz vun engem narkotesche Mëttel
Flam	SUBST	flame	fire	d'Flam vun der Käerz huet geflackert 	FLAM1UNI1	the process of combustion of inflammable materials producing heat and light and (often) smoke	0.5220988392829895	Flam	SUBST	flame	fire	d'Flam vun der Käerz huet geflackert 	be in flames or aflame	0.6321852803230286	A Feier sinn oder brennen.
Form	SUBST	mould	cast, baking tin	fir dës Figuren ze maachen, gëtt de Gips an eng extra Form gegoss 	FORM1UNI5	a dish or dessert that is formed in or on a mold	0.4643877446651459	Form	SUBST	mould	cast, baking tin	fir dës Figuren ze maachen, gëtt de Gips an eng extra Form gegoss 	form by pouring (e.g., wax or hot metal) into a cast or mold	0.6214985251426697	Eppes hierstellen, andeems een eng flësseg Substanz (z.B. Wues oder waarmt Metall) an eng Virlag oder Schabloun schëtt.
Fouss	SUBST	kick	with the foot	ech hätt deem freche Kärel am léifsten e Fouss hannebäi ginn! 	FOUSS1UNI3	the act of delivering a blow with the foot	0.5434864163398743	Fouss	SUBST	kick	with the foot	ech hätt deem freche Kärel am léifsten e Fouss hannebäi ginn! 	strike with the foot	0.7028701305389404	Mat dem Been ausschloen
Fraktur	SUBST	fracture	of a bone	op der Rëntgen huet den Dokter gesinn, datt et sech ëm eng komplizéiert Fraktur vum Schinnebeen handelt 	FRAKTUR1UNI1	breaking of hard tissue such as bone	0.5378337502479553	Fraktur	SUBST	fracture	of a bone	op der Rëntgen huet den Dokter gesinn, datt et sech ëm eng komplizéiert Fraktur vum Schinnebeen handelt 	fracture a bone of	0.6298167705535889	e Knach briechen oder splécken
fréi	ADV	early	before the usual time, near the beginning of a period	muer musse mer fréi opstoen! 	FREI1UNI1	during an early stage	0.5615264773368835	fréi	ADV	early	before the usual time, near the beginning of a period	muer musse mer fréi opstoen! 	at or near the beginning of a period of time or course of events or before the usual or expected time	0.6047873497009277	zu oder no beim Ufank vun enger Zäitperiod oder engem Oflaf vun Evenementer, oder virun der gewéinlecher oder erwaarter Zäit
fréizäiteg	ADJ	early	at an early stage	eng fréizäiteg Kriibsdiagnos ka Liewe retten 	FREIZAITEG1UNI1	being or occurring at an early stage of development	0.6285027265548706	fréizäiteg	ADJ	early	at an early stage	eng fréizäiteg Kriibsdiagnos ka Liewe retten 	during an early stage	0.8407450318336487	während enger éischter Phas
gebrauchen	VRB	to use	to make use of	déi al Kleeder kanns de héchstens nach fir d'Fuesent gebrauchen 	GEBRAUCHEN1UNI1	use up, consume fully	0.5897121429443359	gebrauchen	VRB	to use	to make use of	déi al Kleeder kanns de héchstens nach fir d'Fuesent gebrauchen 	the act of using	0.6653586030006409	den Akt vum Benotzen
Gefill	SUBST	feeling	sense of touch	meng riets Hand ass entschlof, ech hu kee Gefill an de Fangeren! 	GEFILL1UNI1	a physical sensation that you experience	0.6300740838050842	Gefill	SUBST	feeling	sense of touch	meng riets Hand ass entschlof, ech hu kee Gefill an de Fangeren! 	perceive by a physical sensation, e.g., coming from the skin or muscles	0.6625412106513977	Eppes duerch eng kierperlech Empfindung spieren, zum Beispill iwwer d'Haut oder d'Muskelen.
Gefill	SUBST	feeling	impression, emotion	Angscht ass e Gefill , dat dee Mann net kennt! 	GEFILL1UNI2	the experiencing of affective and emotional states	0.5921145677566528	Gefill	SUBST	feeling	impression, emotion	Angscht ass e Gefill , dat dee Mann net kennt! 	produce a certain impression	0.695213258266449	eng bestëmmt Impressioun ervirruffen
Gehauls	SUBST	howling	long loud sound	dat Gehauls vum Wand war richteg onheemlech! 	GEHAULS1UNI5	a long loud emotional utterance	0.6108371019363403	Gehauls	SUBST	howling	long loud sound	dat Gehauls vum Wand war richteg onheemlech! 	emit long loud cries	0.6349941492080688	Laang a haart Téin vu sech ginn.
Geschmaach	SUBST	taste	flavour	wouhier kënnt dee battere Geschmaach an denger Zooss? 	GESCHMAACH1UNI1	a kind of sensing; distinguishing substances by means of the taste buds	0.4584607779979706	Geschmaach	SUBST	taste	flavour	wouhier kënnt dee battere Geschmaach an denger Zooss? 	have flavor; taste of something	0.6028043627738953	No eppes schmaachen; no eppes Goût hunn
Gewënn	SUBST	profit	financial gain	meng Kanner ginn um Gewënn vum Verkaf bedeelegt 	GEWENN1UNI1	the advantageous quality of being beneficial	0.4691639542579651	Gewënn	SUBST	profit	financial gain	meng Kanner ginn um Gewënn vum Verkaf bedeelegt 	make a profit; gain money or materially	0.6404535174369812	Suen oder materiell Virdeeler kréien; finanziell Virdeel maachen
Gewënn	SUBST	thread	screw thread	d'Schrauf hält net, well d'Gewënn ausgeleiert ass 	GEWENN2UNI1	the raised helical rib going around a screw	0.4974491894245147	Gewënn	SUBST	thread	screw thread	d'Schrauf hält net, well d'Gewënn ausgeleiert ass 	thread on or as if on a string	0.6179745197296143	Eppes op eng Schnouer oder e Fuedem zéien oder oprieden.
Gläichgewiicht	SUBST	balance	equilibrium	de Cyclist huet d'Gläichgewiicht verluer an ass vum Vëlo gefall 	GLAICHGEWIICHT1UNI1	a state of equilibrium	0.8279103636741638	Gläichgewiicht	SUBST	balance	equilibrium	de Cyclist huet d'Gläichgewiicht verluer an ass vum Vëlo gefall 	be in equilibrium	0.8582607507705688	An engem Zoustand sinn, wou alles ausgeglach ass.
Goût	SUBST	taste	flavour	d'Zooss huet en excellente Goût 	GOUT1UNI1	a kind of sensing; distinguishing substances by means of the taste buds	0.4584607779979706	Goût	SUBST	taste	flavour	d'Zooss huet en excellente Goût 	have flavor; taste of something	0.6028043627738953	E Geschmaach hunn; no eppes schmaachen
gutt	ADJ	good	virtuous, charitable	dat Kand huet e gudde Charakter 	GUTT2UNI6	of moral excellence	0.5766259431838989	gutt	ADJ	good	virtuous, charitable	dat Kand huet e gudde Charakter 	moral excellence or admirableness	0.6310625076293945	moralesch Exzellenz oder Bewonnerenswäertes
haart	ADJ	hard	solid, firm	d'Brout ass haart ewéi Steen! 	HAART1UNI1	very strong or vigorous	0.4455398023128509	haart	ADJ	hard	solid, firm	d'Brout ass haart ewéi Steen! 	with firmness	0.6561204791069031	mat Festegkeet
handicapéiert	ADJ	disabled	handicapped	zënter sengem schwéieren Accident ass hien handicapéiert a sëtzt am Rollstull 	HANDICAPEIERT1UNI1	incapable of functioning as a consequence of injury or illness	0.5168459415435791	handicapéiert	ADJ	disabled	handicapped	zënter sengem schwéieren Accident ass hien handicapéiert a sëtzt am Rollstull 	people collectively who are crippled or otherwise physically handicapped	0.6892332434654236	Leit, déi kierperlech ageschränkt oder soss kierperlech behënnert sinn.
hannendran	ADV	behindhand	behind schedule	ech si mat menger Aarbecht hannendran 	HANNENDRAN1UNI1	in debt	0.2917072176933288	hannendran	ADV	behindhand	behind schedule	ech si mat menger Aarbecht hannendran 	behind schedule	1.0	net am Zäitplang
haut	ADV	today	this present day	ech hunn haut Gebuertsdag 	HAUT1UNI1	on this day as distinct from yesterday or tomorrow	0.4174101054668426	haut	ADV	today	this present day	ech hunn haut Gebuertsdag 	the present time or age	0.6734307408332825	déi aktuell Zäit oder Epoche
héich	ADJ	high	high-ranking	hie war e Geléierte vun héijem Rang 	HEICH1UNI2	standing above others in quality or position	0.5561133027076721	héich	ADJ	high	high-ranking	hie war e Geléierte vun héijem Rang 	a lofty level or position or degree	0.6466451287269592	eng Positioun oder en Niveau wäit uewen oder mat vill Ofstand no uewe viru gesat
héich	ADJ	high	in altitude	déi héich Wolleken do brénge kee Reen 	HEICH1UNI7	(literal meaning) being at or having a relatively great or specific elevation or upward extension (sometimes used in combinations like `knee-high')	0.4280031323432922	héich	ADJ	high	in altitude	déi héich Wolleken do brénge kee Reen 	at a great altitude	0.7807592153549194	op enger grousser Héicht
Hëllef	SUBST	help	assistance	mat denger Hëllef komme mer gutt virun 	HELLEF1UNI1	a means of serving	0.3384118676185608	Hëllef	SUBST	help	assistance	mat denger Hëllef komme mer gutt virun 	give help or assistance; be of service	0.602504312992096	Ënnerstëtzung ubidden oder behëlleflech sinn; engem zur Säit stoen
hënnescht	ADJ	back	at the rear	eist Sekretariat ass am hënneschte Gebai 	HENNESCHT1UNI1	located at or near the back of an animal	0.5316025614738464	hënnescht	ADJ	back	at the rear	eist Sekretariat ass am hënneschte Gebai 	be in back of	0.6757802963256836	hannert eppes sinn
hoppelen	VRB	to hop	to move by jumping forward	eng brong Kanéngchen hoppelt iwwer d'Wiss 	HOPPELEN1UNI1	make a jump forward or upward	0.7018787264823914	hoppelen	VRB	to hop	to move by jumping forward	eng brong Kanéngchen hoppelt iwwer d'Wiss 	the act of hopping; jumping upward or forward (especially on one foot)	0.7277572154998779	d'Aktioun vum Sprangen; no vir oder no uewen sprangen (besonnesch op engem Fouss)
huelen	VRB	to place	in a certain position	de Bauer huet d'Béischte virum Wanter an de Stall geholl 	HUELEN1UNI14	place somebody in a particular situation or location	0.5977756381034851	huelen	VRB	to place	in a certain position	de Bauer huet d'Béischte virum Wanter an de Stall geholl 	proper or appropriate position or location	0.6820152401924133	Richteg oder passend Plaz oder Positioun
Impakt	SUBST	impact	effect	déi demografesch Evolutioun huet en direkten Impakt op d'Ekonomie 	IMPAKT1UNI2	a forceful consequence; a strong effect	0.4974634051322937	Impakt	SUBST	impact	effect	déi demografesch Evolutioun huet en direkten Impakt op d'Ekonomie 	have an effect upon	0.6567821502685547	En Wierkung op eppes hunn
Juegd	SUBST	hunting	activity of hunting	d'Juegd op de Fuuss ass dat ganzt Joer verbueden 	JUEGD1UNI2	the pursuit and killing or capture of wild animals regarded as a sport	0.6627048850059509	Juegd	SUBST	hunting	activity of hunting	d'Juegd op de Fuuss ass dat ganzt Joer verbueden 	pursue for food or sport (as of wild animals)	0.6927366256713867	Eng Déier verfollegen, fir et z'iessen oder als Fräizäitaktivitéit.
Juegd	SUBST	hunt	search	bei der Juegd op den Terrorist waren eng 30 Polizisten am Asaz 	JUEGD1UNI5	an instance of searching for something	0.6351941823959351	Juegd	SUBST	hunt	search	bei der Juegd op den Terrorist waren eng 30 Polizisten am Asaz 	seek, search for	0.689470112323761	no eppes kucken, probéieren eppes ze fannen
kachen	VRB	to cook	to prepare meals	ech kache fir mäi Liewe gär! 	KACHEN2UNI2	prepare a hot meal	0.4975887238979339	kachen	VRB	to cook	to prepare meals	ech kache fir mäi Liewe gär! 	someone who cooks food	0.6514270901679993	een deen Iessen zoubereet
Kader	SUBST	frame	picture frame	wat huet dat Bild e schéine Kader ! 	KADER1UNI8	a framework that supports and protects a picture or a mirror	0.4610120058059692	Kader	SUBST	frame	picture frame	wat huet dat Bild e schéine Kader ! 	enclose in a frame, as of a picture	0.6582432389259338	An eppes ronderëm mat engem Rand afaasen, wéi zum Beispill bei engem Bild.
Kant	SUBST	edge	rim, border	de Schräiner huet déi rau Kante mat Glaspabeier ofgeschlaff 	KANT1UNI1	the boundary of a surface	0.501505434513092	Kant	SUBST	edge	rim, border	de Schräiner huet déi rau Kante mat Glaspabeier ofgeschlaff 	provide with a border or edge	0.6411378383636475	mat engem Bord oder enger Randbegrenzung versinn
Kappsprong	SUBST	dive	plunge into water	hien huet sech net getraut, e Kappsprong vum Sprangbriet ze maachen 	KAPPSPRONG1UNI1	a headlong plunge into water	0.8149695992469788	Kappsprong	SUBST	dive	plunge into water	hien huet sech net getraut, e Kappsprong vum Sprangbriet ze maachen 	plunge into water	1.0000001192092896	Sprong an d'Waasser maachen
Klatz	SUBST	bowl	ball	hie geréit fënnef Keele mat enger Klatz 	KLATZ1UNI1	a large ball with finger holes used in the sport of bowling	0.568669319152832	Klatz	SUBST	bowl	ball	hie geréit fënnef Keele mat enger Klatz 	roll (a ball)	0.6139535903930664	E Ball mat der Hand um Buedem dréinen oder beweegen.
knacken	VRB	to crack	to break open	mäi Brudder knackt d'Nëss mat den Zänn 	KNACKEN1UNI1	hit forcefully; deal a hard blow, making a cracking noise	0.5061250329017639	knacken	VRB	to crack	to break open	mäi Brudder knackt d'Nëss mat den Zänn 	the act of cracking something	0.6409851312637329	D'Handlung, eppes mat engem kuerzen, haarde Geräisch opzebriechen oder opzemaachen.
knipsen	VRB	to snap	a photograph	an der Vakanz knipsen ech gäre Landschaften 	KNIPSEN1UNI2	record on photographic film	0.3457368612289428	knipsen	VRB	to snap	a photograph	an der Vakanz knipsen ech gäre Landschaften 	an informal photograph; usually made with a small hand-held camera	0.626565158367157	eng informellt Foto, meeschtens mat enger klenger Kamera gemaach déi een an der Hand hält
Knuet	SUBST	knot	fastening	bei de Scoute krut ech gewisen, wéi een e platte Knuet mécht 	KNUET1UNI1	any of various fastenings formed by looping and tying a rope (or cord) upon itself or to another rope or to another object	0.6125914454460144	Knuet	SUBST	knot	fastening	bei de Scoute krut ech gewisen, wéi een e platte Knuet mécht 	tie or fasten into a knot	0.6510989665985107	Eppes zesummebannen oder festmaachen, andeems een et verdréint an zesummenzitt.
Konferenz	SUBST	lecture	educational talk	e bekannten Dokter hält den Owend eng Konferenz iwwer Broschtkriibs 	KONFERENZ1UNI3	teaching by giving a discourse on some subject (typically to a class)	0.5552751421928406	Konferenz	SUBST	lecture	educational talk	e bekannten Dokter hält den Owend eng Konferenz iwwer Broschtkriibs 	deliver a lecture or talk	0.6689583659172058	En Virtrag oder eng Ried halen
Konflikt	SUBST	conflict	armed struggle	et ass net auszeschléissen, datt et zu engem militäresche Konflikt kënnt 	KONFLIKT1UNI3	a hostile meeting of opposing military forces in the course of a war	0.462376207113266	Konflikt	SUBST	conflict	armed struggle	et ass net auszeschléissen, datt et zu engem militäresche Konflikt kënnt 	be in conflict	0.6247426271438599	An enger Ausernanersetzung sinn.
Kontrakt	SUBST	contract	legal agreement	de Kontrakt leeft automatesch virun, wann en net gekënnegt gëtt 	KONTRAKT1UNI1	a binding agreement between two or more persons that is enforceable by law	0.65642911195755	Kontrakt	SUBST	contract	legal agreement	de Kontrakt leeft automatesch virun, wann en net gekënnegt gëtt 	engage by written agreement	0.6658014059066772	Sech schrëftlech op eppes eenegen.
kontrolléieren	VRB	to check	to verify, to inspect	all Muere ginn am Zuch d'Billjeeë kontrolléiert 	KONTROLLEIEREN1UNI2	be verified or confirmed; pass inspection	0.7079923152923584	kontrolléieren	VRB	to check	to verify, to inspect	all Muere ginn am Zuch d'Billjeeë kontrolléiert 	the act of inspecting or verifying	0.804323673248291	D'Aktioun vum Nohuelen oder Iwwerpréiwen
krabbelen	VRB	to crawl	to go on hands and knees, to move slowly	de Bëbee fänkt schonn un ze krabbelen 	KRABBELEN1UNI1	move slowly; in the case of people or animals with the body near the ground	0.5883824229240417	krabbelen	VRB	to crawl	to go on hands and knees, to move slowly	de Bëbee fänkt schonn un ze krabbelen 	a slow mode of locomotion on hands and knees or dragging the body	0.6897186040878296	eng lues Fortbeweege mat den Hänn an de Knéien oder duerch Nozéie vum Kierper um Buedem
Krämpchen	SUBST	cramp	muscle cramp	ech krut beim Schwammen e Krämpchen an d'Wued 	KRAMPCHEN1UNI1	a painful and involuntary muscular contraction	0.6208807826042175	Krämpchen	SUBST	cramp	muscle cramp	ech krut beim Schwammen e Krämpchen an d'Wued 	suffer from sudden painful contraction of a muscle	0.6972591876983643	Ënner enger plëtzlecher, schmäerzlecher Zesummenzéiung vun engem Muskel leiden.
Kreeslaf	SUBST	cycle	pattern, sequence	d'Wieder ännert am Kreeslaf vun de Joreszäiten 	KREESLAF1UNI2	a periodically repeated sequence of events	0.5467251539230347	Kreeslaf	SUBST	cycle	pattern, sequence	d'Wieder ännert am Kreeslaf vun de Joreszäiten 	recur in repeating sequences	0.681646466255188	ëmmer erëm a sech widderhuelende Sequenze virkommen
kréinen	VRB	to crown	a monarch	de Kinnek gëtt d'nächst Woch gekréint 	KREINEN1UNI1	invest with regal power; enthrone	0.3246364295482635	kréinen	VRB	to crown	a monarch	de Kinnek gëtt d'nächst Woch gekréint 	the Crown (or the reigning monarch) as the symbol of the power and authority of a monarchy	0.6369830369949341	d'Monarchie (oder de regéierende Monarch) als Symbol fir d'Muecht an d'Autoritéit vun enger kinneklecher Herrschaft
Kritik	SUBST	review	critical appraisal	deen neie Film huet ganz gutt Kriticke kritt 	KRITIK1UNI2	a new appraisal or evaluation	0.8392916321754456	Kritik	SUBST	review	critical appraisal	deen neie Film huet ganz gutt Kriticke kritt 	appraise critically	0.8524632453918457	kritesch beurteelen
krozelen	VRB	to doodle	to sketch	de Schüler huet net nogelauschtert an déi ganzen Zäit Männercher gekrozelt 	KROZELEN1UNI2	make a doodle; draw aimlessly	0.520558774471283	krozelen	VRB	to doodle	to sketch	de Schüler huet net nogelauschtert an déi ganzen Zäit Männercher gekrozelt 	an aimless drawing	0.6096294522285461	eng Zeechnung ouni e bestëmmten Zweck
Kuck	SUBST	look	expression	wat hues du fir eng däischter Kuck op där Foto! 	KUCK1UNI1	the feelings expressed on a person's face	0.4181209504604339	Kuck	SUBST	look	expression	wat hues du fir eng däischter Kuck op där Foto! 	convey by one's expression	0.6307560205459595	Mat sengem Gesiichtsausdrock vermëttelen.
lafen	VRB	to run	to move by running	du kanns méi séier lafen ewéi ech 	LAFEN1UNI1	move about freely and without restraint, or act as if running around in an uncontrolled way	0.6420427560806274	lafen	VRB	to run	to move by running	du kanns méi séier lafen ewéi ech 	the act of running; traveling on foot at a fast pace	0.7272074222564697	d'Handlung sech séier ze Fouss virun ze beweegen; sech séier ze Fouss fortbeweegen
leaken	VRB	to leak	confidential information	Deeler vum geheime Rapport goufe geleakt 	LEAKEN1UNI1	tell anonymously	0.4353595972061157	leaken	VRB	to leak	confidential information	Deeler vum geheime Rapport goufe geleakt 	unauthorized (especially deliberate) disclosure of confidential information	0.6137387752532959	Onerlaabt (besonnesch absichtlech) Weidergi vu vertraulechen Informatiounen
liesen	VRB	to read	a text	ech liese grad e spannend Buch 	LIESEN1UNI1	interpret something that is written or printed	0.5735421776771545	liesen	VRB	to read	a text	ech liese grad e spannend Buch 	something that is read	0.6050920486450195	eppes, wat ee liest
liewen	VRB	to live	to be alive	ären Hond gesäit schlecht aus, ech mengen, dee lieft net méi laang 	LIEWEN2UNI1	have life, be alive	0.5623623132705688	liewen	VRB	to live	to be alive	ären Hond gesäit schlecht aus, ech mengen, dee lieft net méi laang 	possessing life	0.623942494392395	Lieweg sinn oder Liewen hunn
Mandat	SUBST	mandate	authority	du hues kee Mandat , fir dat doten ze maachen 	MANDAT1UNI1	a document giving an official instruction or command	0.266418308019638	Mandat	SUBST	mandate	authority	du hues kee Mandat , fir dat doten ze maachen 	assign authority to	0.6022314429283142	Eng Persoun oder Institutioun mat enger bestëmmter Aufgab oder Verantwortung beoptragen.
Mandat	SUBST	mandate	authority	du hues kee Mandat , fir dat doten ze maachen 	MANDAT2UNI1	a document giving an official instruction or command	0.266418308019638	Mandat	SUBST	mandate	authority	du hues kee Mandat , fir dat doten ze maachen 	assign authority to	0.6022314429283142	Eng Persoun oder Institutioun mat enger bestëmmter Aufgab oder Kompetenz beoptragen.
matlafen	VRB	to run	a foot race	well ech mäi Knéi wéi hunn, weess ech net, ob ech de Marathon ka matlafen 	MATLAFEN1UNI1	compete in a race	0.7759168148040771	matlafen	VRB	to run	a foot race	well ech mäi Knéi wéi hunn, weess ech net, ob ech de Marathon ka matlafen 	a race run on foot	0.9015167951583862	e Cours, bei deem ee leeft
Medezinner	SUBST	doctor	medical	um Kongress waren nëmme Medezinner 	MEDEZINNER1UNI1	a licensed medical practitioner	0.6186182498931885	Medezinner	SUBST	doctor	medical	um Kongress waren nëmme Medezinner 	give medical treatment to	0.6795105934143066	eng medezinesch Behandlung ginn
mëssbrauchen	VRB	to misuse	to put to wrong use	du hues mäi Vertraue mëssbraucht 	MESSBRAUCHEN1UNI1	apply to a wrong thing or person; apply badly or incorrectly	0.4966995120048523	mëssbrauchen	VRB	to misuse	to put to wrong use	du hues mäi Vertraue mëssbraucht 	improper or excessive use	0.6169103384017944	net ubruecht oder iwwerdriwwent Benotzen
Molerei	SUBST	painting	art	déi zwou Kolleeginnen hu sech stonnelaang iwwer Molerei ënnerhalen 	MOLEREI1UNI1	graphic art consisting of an artistic composition made by applying paints to a surface	0.579764723777771	Molerei	SUBST	painting	art	déi zwou Kolleeginnen hu sech stonnelaang iwwer Molerei ënnerhalen 	make a painting	0.6109625697135925	e Bild mat Faarwe maachen
Molerei	SUBST	painting	painted picture	d'Molereien an der Hiel sinn e puer dausend Joer al 	MOLEREI1UNI2	creating a picture with paints	0.5945101976394653	Molerei	SUBST	painting	painted picture	d'Molereien an der Hiel sinn e puer dausend Joer al 	make a painting	0.7029660940170288	e Bild mat Faarwe maachen
negligéieren	VRB	to neglect	to fail to care for	du solls deng Gesondheet net esou negligéieren 	NEGLIGEIEREN1UNI2	fail to attend to	0.5407330393791199	negligéieren	VRB	to neglect	to fail to care for	du solls deng Gesondheet net esou negligéieren 	willful lack of care and attention	0.6998751163482666	bewosst Mangel u Suergfalt an Opmierksamkeet
niddereg	ADJ	low	at a low height	an den ale Bauerenhaiser sinn d'Plaffonge gewéinlech méi niddereg 	NIDDEREG1UNI2	literal meanings; being at or having a relatively small elevation or upward extension	0.4641643464565277	niddereg	ADJ	low	at a low height	an den ale Bauerenhaiser sinn d'Plaffonge gewéinlech méi niddereg 	in a low position; near the ground	0.8391053080558777	op enger déif Plaz; no beim Buedem
nofëllen	VRB	to refill	a container	d'Peffermille muss nogefëllt ginn 	NOFELLEN1UNI1	fill something that had previously been emptied	0.4173213243484497	nofëllen	VRB	to refill	a container	d'Peffermille muss nogefëllt ginn 	a commercial product that refills a container with its appropriate contents	0.6079941391944885	e kommerziellt Produkt, mat deem een en eidele Behälter erëm mat deem entspriechenden Inhalt opfëlle kann
Nordmazedonier	SUBST	Macedonian	person from North Macedonia	mäi beschte Frënd ass Nordmazedonier 	NORDMAZEDONIER1UNI1	the Slavic language of modern Macedonia	0.6126412153244019	Nordmazedonier	SUBST	Macedonian	person from North Macedonia	mäi beschte Frënd ass Nordmazedonier 	of or relating to Macedonia or its inhabitants	0.6989193558692932	aus oder bezunn op Mazedonien oder seng Awunner
Nordmazedonierin	SUBST	Macedonian	female person from North Macedonia	meng bescht Frëndin ass Nordmazedonierin 	NORDMAZEDONIERIN1UNI1	the Slavic language of modern Macedonia	0.5651283264160156	Nordmazedonierin	SUBST	Macedonian	female person from North Macedonia	meng bescht Frëndin ass Nordmazedonierin 	of or relating to Macedonia or its inhabitants	0.6347648501396179	vun oder bezunn op Mazedonien oder seng Awunner
notéieren	VRB	to note	to record in writing	de Sekretär huet eis Iwwerleeungen all notéiert 	NOTEIEREN1UNI1	make a written note of	0.6620608568191528	notéieren	VRB	to note	to record in writing	de Sekretär huet eis Iwwerleeungen all notéiert 	a brief written record	0.7742666006088257	eng kuerz schrëftlech Opzeechnung
Nott	SUBST	note	written message, reminder, summary	maach mer eng Nott , soss vergiessen ech d'Kommissioun! 	NOTT1UNI2	a brief written record	0.6352737545967102	Nott	SUBST	note	written message, reminder, summary	maach mer eng Nott , soss vergiessen ech d'Kommissioun! 	make a written note of	0.684977114200592	eppes schrëftlech festhalen
Nout	SUBST	score	of a musical composition	d'Pianistin huet de ganze Concert ouni Noute gespillt 	NOUT2UNI2	a written form of a musical composition; parts for different instruments appear on separate staves on large pages	0.6355738043785095	Nout	SUBST	score	of a musical composition	d'Pianistin huet de ganze Concert ouni Noute gespillt 	write a musical score for	0.6631535887718201	d'Noute fir e Museksstéck opschreiwen
ofbéien	VRB	to turn	to change direction	hei däerf een net no lénks ofbéien 	OFBEIEN1UNI1	change orientation or direction, also in the abstract sense	0.6807302236557007	ofbéien	VRB	to turn	to change direction	hei däerf een net no lénks ofbéien 	a movement in a new direction	0.6929826140403748	eng Beweegung an eng nei Richtung
ofginn	VRB	to pass	the ball	denk drun, de Ball ofzeginn , du bass net eleng um Terrain! 	OFGINN1UNI5	throw (a ball) to another player	0.5471492409706116	ofginn	VRB	to pass	the ball	denk drun, de Ball ofzeginn , du bass net eleng um Terrain! 	of advancing the ball by throwing it	0.6049838066101074	de Ball no vir bréngen, andeems een e gehäit
ofsprangen	VRB	to jump	to initiate a jump, to take off	den Héichsprénger huet sech wéigedoen, wéi en ofgesprongen ass 	OFSPRANGEN1UNI2	cause to jump or leap	0.6669507622718811	ofsprangen	VRB	to jump	to initiate a jump, to take off	den Héichsprénger huet sech wéigedoen, wéi en ofgesprongen ass 	the act of jumping; propelling yourself off the ground	0.7944400906562805	d'Handlung vum Sprangen; sech vum Buedem fortdrécken
opräissen	VRB	to tear	to rip, to damage	ech hu mer d'Box un engem Nol opgerass 	OPRAISSEN1UNI3	move quickly and violently	0.3314280807971954	opräissen	VRB	to tear	to rip, to damage	ech hu mer d'Box un engem Nol opgerass 	the act of tearing	0.6617597341537476	d'Handlung vum Zerklappen
oprappen	VRB	to tear	to rip, to damage	ech hu mer d'Box un engem Nol opgerappt 	OPRAPPEN1UNI3	move quickly and violently	0.3314280807971954	oprappen	VRB	to tear	to rip, to damage	ech hu mer d'Box un engem Nol opgerappt 	the act of tearing	0.6617597341537476	D'Handlung vum Zerappen.
opspillen	VRB	to lead	to play the first card	wie spillt op ? 	OPSPILLEN1UNI3	be ahead of others; be the first	0.4061158001422882	opspillen	VRB	to lead	to play the first card	wie spillt op ? 	the playing of a card to start a trick in bridge	0.6089270710945129	Eng Kaart leeën, fir en Tour am Bridge unzefänken.
Panno	SUBST	sign	road sign, notice	de Wee war mat Pannoe gezeechent 	PANNO1UNI1	a public display of a message	0.3560698628425598	Panno	SUBST	sign	road sign, notice	de Wee war mat Pannoe gezeechent 	place signs, as along a road	0.7489879727363586	Schëlter laanscht eng Strooss opstellen
parfüméieren	VRB	to perfume	to give a pleasant smell to	d'Blumme parfüméieren de ganze Raum 	PARFUMEIEREN1UNI2	fill or impregnate with an odor	0.5440744161605835	parfüméieren	VRB	to perfume	to give a pleasant smell to	d'Blumme parfüméieren de ganze Raum 	a distinctive odor that is pleasant	0.6506774425506592	en eegene Geroch deen agreabel ass
passen	VRB	to pass	the ball	de Stiermer huet engem Matspiller de Ball gepasst 	PASSEN2UNI8	throw (a ball) to another player	0.5471492409706116	passen	VRB	to pass	the ball	de Stiermer huet engem Matspiller de Ball gepasst 	of advancing the ball by throwing it	0.6049838066101074	de Ball no vir bréngen, andeems een e gehäit
Permanente	SUBST	perm	permanent wave	meng Mamm huet sech fréier beim Coiffer ëmmer eng Permanente maache gelooss 	PERMANENTE1UNI1	a series of waves in the hair made by applying heat and chemicals	0.4488826990127563	Permanente	SUBST	perm	permanent wave	meng Mamm huet sech fréier beim Coiffer ëmmer eng Permanente maache gelooss 	give a permanent wave to	0.845003604888916	eng Hoerfrisur maachen, bei där d'Hoer laangfristeg gewellt bleiwen
Plaz	SUBST	place	location	dat ass eng gutt Plaz , fir e Geschäft opzemaachen 	PLAZ1UNI2	where you live at a particular time	0.5787818431854248	Plaz	SUBST	place	location	dat ass eng gutt Plaz , fir e Geschäft opzemaachen 	locate	0.7059032917022705	Erausfannen oder bestëmmen, wou eppes sech befënnt.
Plaz	SUBST	place	location, area	hei sidd Dir net op der richteger Plaz , Dir musst an de Büro niewendru goen 	PLAZ1UNI8	a general vicinity	0.5079197287559509	Plaz	SUBST	place	location, area	hei sidd Dir net op der richteger Plaz , Dir musst an de Büro niewendru goen 	identify the location or place of	0.7345276474952698	Erausfanne wou eppes läit oder sech befënnt
Plongeon	SUBST	dive	plunge	am Schwamme krute mer gewisen, wéi een e richtege Plongeon mécht 	PLONGEON1UNI1	a headlong plunge into water	0.6693282723426819	Plongeon	SUBST	dive	plunge	am Schwamme krute mer gewisen, wéi een e richtege Plongeon mécht 	plunge into water	0.7026047706604004	Sprang an d'Waasser maachen
Plus	SUBST	plus	advantage	e Kandidat mat Erfarung huet e Plus géintiwwer engem Ufänger 	PLUS1UNI4	a useful or valuable quality	0.3220804929733276	Plus	SUBST	plus	advantage	e Kandidat mat Erfarung huet e Plus géintiwwer engem Ufänger 	involving advantage or good	0.6830379366874695	mat Virdeel oder eppes Guddem verbonnen
Pluspunkt	SUBST	plus	advantage	d'fachlech Berodung vun de Clienten ass e Pluspunkt vun deem Geschäft 	PLUSPUNKT1UNI2	a useful or valuable quality	0.3220804929733276	Pluspunkt	SUBST	plus	advantage	d'fachlech Berodung vun de Clienten ass e Pluspunkt vun deem Geschäft 	involving advantage or good	0.6830379366874695	Mat engem Virdeel oder eppes Guddem verbonnen.
Pos	SUBST	laying	putting in position	muer fänken se mat der Pos vun de Plättercher un 	POS1UNI2	the production of eggs (especially in birds)	0.0400758422911167	Pos	SUBST	laying	putting in position	muer fänken se mat der Pos vun de Plättercher un 	put in a horizontal position	0.6137701869010925	An eng waagerecht Positioun leeën
Profit	SUBST	profit	financial gain	eise Betrib huet dëst Joer kee Profit ofgeworf 	PROFIT1UNI2	the advantageous quality of being beneficial	0.4691639542579651	Profit	SUBST	profit	financial gain	eise Betrib huet dëst Joer kee Profit ofgeworf 	make a profit; gain money or materially	0.6404535174369812	Suen oder materiell Virdeeler kréien.
Prozent	SUBST	discount	percentage reduction	wärend de Solde kriss de an de meeschte Geschäfter Prozenter 	PROZENT1UNI2	an amount or percentage deducted	0.5953162312507629	Prozent	SUBST	discount	percentage reduction	wärend de Solde kriss de an de meeschte Geschäfter Prozenter 	give a reduction in price on	0.653398334980011	e Präis erofsetzen
Pudder	SUBST	powder	face powder	maach der e wéineg Pudder an d'Gesiicht, da bass de net esou blatzeg! 	PUDDER1UNI2	any of various cosmetic or medical preparations dispensed in the form of a pulverized powder	0.5108372569084167	Pudder	SUBST	powder	face powder	maach der e wéineg Pudder an d'Gesiicht, da bass de net esou blatzeg! 	apply powder to	0.6373720169067383	mat Pudder bestreeën
quaken	VRB	to quack	duck	beim Weier quaken d'Inten och 	QUAKEN1UNI2	utter quacking noises	0.4530526101589203	quaken	VRB	to quack	duck	beim Weier quaken d'Inten och 	the harsh sound of a duck	0.6448149681091309	dat haart Geräisch, dat Inten maachen
raachen	VRB	to smoke	tobacco	mäi Bop raacht d'Päif 	RAACHEN1UNI1	inhale and exhale smoke from cigarettes, cigars, pipes	0.4882789254188537	raachen	VRB	to smoke	tobacco	mäi Bop raacht d'Päif 	the act of smoking tobacco or other substances	0.6325724720954895	d'Handlung, Tubak oder aner Substanzen ze fëmmen
raachen	VRB	to smoke	to smoke tobacco	si wëllt ophale mat raachen 	RAACHEN1UNI2	inhale and exhale smoke from cigarettes, cigars, pipes	0.5352555513381958	raachen	VRB	to smoke	to smoke tobacco	si wëllt ophale mat raachen 	the act of smoking tobacco or other substances	0.6218000054359436	d'Handlung, Tubak oder aner Substanzen anzestiechen an anzeootmen
raschten	VRB	to rest	to relax, to lie down	nom Mëttegiesse rascht de Bopi gewéinlech eng Stonn 	RASCHTEN2UNI1	rest on or as if on a pillow	0.6303258538246155	raschten	VRB	to rest	to relax, to lie down	nom Mëttegiesse rascht de Bopi gewéinlech eng Stonn 	a pause for relaxation	0.7088380455970764	eng Paus fir sech ze entspanen
raschten	VRB	to rest	to have a break	komm, mir raschten een Ament, ech sinn ausser Otem! 	RASCHTEN2UNI2	take a short break from one's activities in order to relax	0.5821187496185303	raschten	VRB	to rest	to have a break	komm, mir raschten een Ament, ech sinn ausser Otem! 	a pause for relaxation	0.6866509318351746	eng Paus fir sech ze entspanen
Ravitaillement	SUBST	provisions	supplies of food	eis Cheftaine ass responsabel fir de Ravitaillement 	RAVITAILLEMENT1UNI1	a stock or supply of foods	0.6464765667915344	Ravitaillement	SUBST	provisions	supplies of food	eis Cheftaine ass responsabel fir de Ravitaillement 	supply with provisions	0.6801781058311462	Mat Liewensmëttel versuergen
Rechnung	SUBST	bill	money owed	ech fäerte ganz, de Schräiner mécht eis eng déck Rechnung ! 	RECHNUNG1UNI2	an itemized statement of money owed for goods shipped or services rendered	0.5534155368804932	Rechnung	SUBST	bill	money owed	ech fäerte ganz, de Schräiner mécht eis eng déck Rechnung ! 	demand payment	0.7039546370506287	Opfuerderung fir ze bezuelen
redresséieren	VRB	to redress	to remedy, to improve	d'Regierung versicht, déi katastrophal finanziell Situatioun ze redresséieren 	REDRESSEIEREN1UNI2	make reparations or amends for	0.4585976600646972	redresséieren	VRB	to redress	to remedy, to improve	d'Regierung versicht, déi katastrophal finanziell Situatioun ze redresséieren 	act of correcting an error or a fault or an evil	0.6446934342384338	Handlung fir e Feeler, e Mangel oder eppes Schlechtes erëm an d'Rei ze bréngen.
Requête	SUBST	petition	request to a court	d'Affekotin huet beim Geriicht eng Requête gemaach, fir Asiicht an en Dossier ze kréien 	REQUETE1UNI1	a formal message requesting something that is submitted to an authority	0.563791811466217	Requête	SUBST	petition	request to a court	d'Affekotin huet beim Geriicht eng Requête gemaach, fir Asiicht an en Dossier ze kréien 	write a petition for something to somebody; request formally and in writing	0.6123863458633423	Eng schrëftlech Demande un eng Persoun riichten, fir eppes op eng formell Manéier ze froen.
Revendicatioun	SUBST	demand	claim	de Minister ass a senger Ried net op d'Revendicatioune vun de Gewerkschaften agaangen 	REVENDICATIOUN1UNI1	the act of demanding	0.3117947578430176	Revendicatioun	SUBST	demand	claim	de Minister ass a senger Ried net op d'Revendicatioune vun de Gewerkschaften agaangen 	lay legal claim to	0.6389720439910889	Eng gesetzlech Fuerderung op eppes erhiewen
richen	VRB	to smell	to perceive odours	d'Schlaange riche mat der Zong 	RICHEN1UNI4	inhale the odor of; perceive by the olfactory sense	0.7821034789085388	richen	VRB	to smell	to perceive odours	d'Schlaange riche mat der Zong 	the act of perceiving the odor of something	0.8141946196556091	d'Handlung, den Doft vun eppes mat der Nues ze spieren
riicht	ADJ	straight	in a straight line	kee weess, firwat de Chauffer op där riichter Strooss an de Gruef gerëtscht ass 	RIICHT1UNI1	successive (without a break)	0.3531259596347809	riicht	ADJ	straight	in a straight line	kee weess, firwat de Chauffer op där riichter Strooss an de Gruef gerëtscht ass 	in a straight line; in a direct course	0.7651188969612122	an enger gerouder Linn; op engem direkten, ouni Ëmwee verlafende Wee
riskéieren	VRB	to risk	to be in danger of	bei der Iwwerschwemmung huet d'Bréck riskéiert zesummenzefalen 	RISKEIEREN1UNI2	expose to a chance of loss or damage	0.5303194522857666	riskéieren	VRB	to risk	to be in danger of	bei der Iwwerschwemmung huet d'Bréck riskéiert zesummenzefalen 	a source of danger; a possibility of incurring loss or misfortune	0.6791468262672424	eng Gefor oder d'Méiglechkeet, e Verloscht oder Ongléck ze erliewen
roueg	ADJ	quiet	calm, relaxed	ech freeë mech op e rouegen Owend 	ROUEG1UNI4	characterized by an absence or near absence of agitation or activity	0.4411341547966003	roueg	ADJ	quiet	calm, relaxed	ech freeë mech op e rouegen Owend 	make calm or still	0.7462055087089539	berouegen oder stëll maachen
Ruin	SUBST	ruin	destruction	dat villt Drénke féiert zum Ruin vun denger Gesondheet! 	RUIN1UNI2	destruction achieved by causing something to be wrecked or ruined	0.6803627014160156	Ruin	SUBST	ruin	destruction	dat villt Drénke féiert zum Ruin vun denger Gesondheet! 	destroy completely; damage irreparably	0.6971909999847412	komplett zerstéieren; esou beschiedegen, datt et net méi ze reparéieren ass
Rumm	SUBST	frame	picture frame	déi modern Rumm passt nawell gutt bei dat aalt Bild! 	RUMM1UNI2	a framework that supports and protects a picture or a mirror	0.4610120058059692	Rumm	SUBST	frame	picture frame	déi modern Rumm passt nawell gutt bei dat aalt Bild! 	enclose in a frame, as of a picture	0.6582432389259338	An engem Kader afaasen, wéi bei engem Bild.
sabbelen	VRB	to spill	a liquid	sabbel kee Roude Wäin op den Teppech, déi Flecke ginn net méi eraus! 	SABBELEN1UNI1	cause or allow (a liquid substance) to run or flow from a container	0.538986086845398	sabbelen	VRB	to spill	a liquid	sabbel kee Roude Wäin op den Teppech, déi Flecke ginn net méi eraus! 	liquid that is spilled	0.7411927580833435	Flëssegkeet, déi verschott gouf
sabotéieren	VRB	to sabotage	to damage, to destroy	am Krich gouf d'Eisebunnsstreck vu Resistenzler sabotéiert 	SABOTEIEREN1UNI1	destroy property or hinder normal operations	0.4254283308982849	sabotéieren	VRB	to sabotage	to damage, to destroy	am Krich gouf d'Eisebunnsstreck vu Resistenzler sabotéiert 	a deliberate act of destruction or disruption in which equipment is damaged	0.6356488466262817	eng bewosst Handlung fir eppes futti ze maachen oder ze stéieren, bei där Material beschiedegt gëtt
schaffen	VRB	to work	to do work	d'Aarbechter hu séier an effikass geschafft 	SCHAFFEN3UNI1	exert oneself by doing mental or physical work for a purpose or out of necessity	0.601800799369812	schaffen	VRB	to work	to do work	d'Aarbechter hu séier an effikass geschafft 	a place where work is done	0.6284862160682678	eng Plaz, wou ee seng Aarbecht mécht
Schank	SUBST	bone	part of the skeleton	wann hie sech béckt, da kraache seng Schanken 	SCHANK1UNI1	rigid connective tissue that makes up the skeleton of vertebrates	0.56093430519104	Schank	SUBST	bone	part of the skeleton	wann hie sech béckt, da kraache seng Schanken 	consisting of or made up of bone	0.684158980846405	aus Knache bestoend oder gemaach
Scheif	SUBST	slice	cut piece	wëllt Dir de Kéis am Stéck oder a Scheiwen ? 	SCHEIF1UNI3	a thin flat piece cut off of some object	0.6690794825553894	Scheif	SUBST	slice	cut piece	wëllt Dir de Kéis am Stéck oder a Scheiwen ? 	cut into slices	0.7233743071556091	a Scheiwe geschnidden
Schinn	SUBST	rail	for a train, for a tram	no an no sollen d'Schinnen op dëser Streck ersat ginn 	SCHINN1UNI1	short for railway	0.5725075006484985	Schinn	SUBST	rail	for a train, for a tram	no an no sollen d'Schinnen op dëser Streck ersat ginn 	travel by rail or train	0.65285724401474	mam Zuch fueren
Schläiss	SUBST	slice	cut by hand	schneit mer wannechgelift nach eng Schläiss Ham erof! 	SCHLAISS1UNI1	a wound made by cutting	0.5920979380607605	Schläiss	SUBST	slice	cut by hand	schneit mer wannechgelift nach eng Schläiss Ham erof! 	cut into slices	0.709104597568512	A Scheiwe schneiden
Schlass	SUBST	lock	fastening	wann e Schlëssel bannen um Schlass ass, kritt een d'Dier vu baussen net opgespaart 	SCHLASS1UNI1	a fastener fitted to a door or drawer to keep it firmly closed	0.5007544755935669	Schlass	SUBST	lock	fastening	wann e Schlëssel bannen um Schlass ass, kritt een d'Dier vu baussen net opgespaart 	fasten with a lock	0.6652491688728333	Mat engem Schlëssel zoumaachen.
schloen	VRB	to beat	heart, pulse	d'Häerz huet mer bis an den Hals geschloen 	SCHLOEN1UNI11	strike (a part of one's own body) repeatedly, as in great emotion or in accompaniment to music	0.3548820614814758	schloen	VRB	to beat	heart, pulse	d'Häerz huet mer bis an den Hals geschloen 	the rhythmic contraction and expansion of the arteries with each beat of the heart	0.6396744251251221	dat rhythmescht Zesummenzéien an Ausdeene vun den Aderen bei all Häerzschlag
Schluss	SUBST	ending	conclusion, last part	dee gudde Film hat leider e kitschege Schluss 	SCHLUSS1UNI3	the last section of a communication	0.4839909672737121	Schluss	SUBST	ending	conclusion, last part	dee gudde Film hat leider e kitschege Schluss 	be the end of; be the last or concluding part of	0.6132572293281555	den Enn vun eppes sinn; dee leschten oder ofschléissenden Deel vun eppes sinn
schneiden	VRB	to cut	meat	du muss d'Fleesch géint de Fuedem schneiden 	SCHNEIDEN1UNI1	reap or harvest	0.3085020184516907	schneiden	VRB	to cut	meat	du muss d'Fleesch géint de Fuedem schneiden 	a piece of meat that has been cut from an animal carcass	0.6589562296867371	E Stéck Fleesch, dat vun engem Déierekierper ofgetrennt gouf.
Schoss	SUBST	shot	gunshot	virun enger Disko sinn hënt e puer Schëss gefall 	SCHOSS1UNI1	a solid missile discharged from a firearm	0.4870519340038299	Schoss	SUBST	shot	gunshot	virun enger Disko sinn hënt e puer Schëss gefall 	fire a shot	0.6090564131736755	mat enger Waff schéissen
Schoss	SUBST	shot	injection	den Drogéierten huet sech am Parking e Schoss gesat 	SCHOSS1UNI5	the act of putting a liquid into the body by means of a syringe	0.4901497364044189	Schoss	SUBST	shot	injection	den Drogéierten huet sech am Parking e Schoss gesat 	give an injection to	0.7870790958404541	Mat enger Nol e Medikament an de Kierper sprëtzen
schruppen	VRB	to scrub	to clean with a brush	mir hu laang misse schruppen , fir d'Trap nees propper ze kréien 	SCHRUPPEN1UNI4	clean with hard rubbing	0.6576426029205322	schruppen	VRB	to scrub	to clean with a brush	mir hu laang misse schruppen , fir d'Trap nees propper ze kréien 	the act of cleaning a surface by rubbing it with a brush and soap and water	0.6844353675842285	d'Botze vun enger Uewerfläch, andeems een se mat enger Biischt, Seef a Waasser reift
schwammen	VRB	to swim	to be able to swim, to go swimming	meng Mamm huet eréischt spéit schwamme geléiert 	SCHWAMMEN1UNI1	move as if gliding through water	0.3868856132030487	schwammen	VRB	to swim	to be able to swim, to go swimming	meng Mamm huet eréischt spéit schwamme geléiert 	the act of swimming; :	0.6942485570907593	d'Handlung sech am Waasser ze beweegen
schwammen	VRB	to swim	to move by swimming	schwamm emol e puer Ronnen, da gëss de däin Iwwerschoss un Energie lass! 	SCHWAMMEN1UNI4	move as if gliding through water	0.6677020192146301	schwammen	VRB	to swim	to move by swimming	schwamm emol e puer Ronnen, da gëss de däin Iwwerschoss un Energie lass! 	the act of swimming; :	0.7463797926902771	d'Handlung sech am Waasser ze beweegen
Seegen	SUBST	blessing	benediction	de Poopst huet de Pilger no der Mass de Seege ginn 	SEEGEN1UNI1	a ceremonial prayer invoking divine protection	0.4867934286594391	Seegen	SUBST	blessing	benediction	de Poopst huet de Pilger no der Mass de Seege ginn 	give a benediction to	0.8091305494308472	eng helleg Wonsch ausschwätzen
séier	ADJ	quick	without delay	an deem Dossier brauche mer eng séier Decisioun 	SEIER1UNI3	accomplished rapidly and without delay	0.6306957006454468	séier	ADJ	quick	without delay	an deem Dossier brauche mer eng séier Decisioun 	with little or no delay	0.6893572211265564	mat wéineg oder guer kengem Retard
séiss	ADJ	sweet	taste, smell	dëst Joer sinn d'Drauwe séiss 	SEISS1UNI1	pleasing to the senses	0.5715805292129517	séiss	ADJ	sweet	taste, smell	dëst Joer sinn d'Drauwe séiss 	the property of tasting as if it contains sugar	0.6210923790931702	d'Eegenschaft, wéi wann eppes no Zocker schmaache géif
Sëtzplaz	SUBST	seat	sitting place	an der zweeter Klass ware keng Sëtzplaze méi fräi 	SETZPLAZ1UNI1	a space reserved for sitting (as in a theater or on a train or airplane)	0.6602093577384949	Sëtzplaz	SUBST	seat	sitting place	an der zweeter Klass ware keng Sëtzplaze méi fräi 	place in or on a seat	0.6957027316093445	Plaz op engem Stull oder enger Bänk
Skizz	SUBST	sketch	drawing	den Architekt huet eng Skizz vum Haus gemaach 	SKIZZ1UNI1	preliminary drawing for later elaboration	0.6201931238174438	Skizz	SUBST	sketch	drawing	den Architekt huet eng Skizz vum Haus gemaach 	make a sketch of	0.7336860299110413	eng séier Zeechnung maachen
Slalom	SUBST	slalom	ski race	de Weltmeeschter huet och dëst Joer wëlles, de Slalom ze gewannen 	SLALOM1UNI1	a downhill race over a winding course defined by upright poles	0.5552188158035278	Slalom	SUBST	slalom	ski race	de Weltmeeschter huet och dëst Joer wëlles, de Slalom ze gewannen 	race on skis around obstacles	0.7505489587783813	Course op Schier ronderëm Hindernisser.
Soff	SUBST	drinking	alcoholism	hien ass no senger Scheedung dem Soff verfall 	SOFF1UNI1	the act of drinking alcoholic beverages to excess	0.5448379516601562	Soff	SUBST	drinking	alcoholism	hien ass no senger Scheedung dem Soff verfall 	consume alcohol	0.6008685231208801	Alkohol drénken
Spadséiergang	SUBST	walk	stroll	nom Iesse maachen ech gär e klenge Spadséiergang 	SPADSEIERGANG1UNI1	the act of walking somewhere	0.6721423268318176	Spadséiergang	SUBST	walk	stroll	nom Iesse maachen ech gär e klenge Spadséiergang 	make walk	0.7045584917068481	Zu Fouss goen.
Speck	SUBST	fat	fatty tissue	du gëss däi Speck ni lass, wann s de kee Sport méchs! 	SPECK1UNI2	a kind of body tissue containing stored fat that serves as a source of energy; it also cushions and insulates vital organs	0.5805351138114929	Speck	SUBST	fat	fatty tissue	du gëss däi Speck ni lass, wann s de kee Sport méchs! 	containing or composed of fat	0.6086218357086182	enthält oder besteet aus Fett
Spëtzt	SUBST	head	front, top position	d'Pompjeeë sinn un der Spëtzt vum Cortège gaangen 	SPETZT1UNI2	the top of something	0.591262936592102	Spëtzt	SUBST	head	front, top position	d'Pompjeeë sinn un der Spëtzt vum Cortège gaangen 	be in the front of or on top of	0.6630933880805969	ganz vir oder uewen op eppes sinn
spieren	VRB	to feel	to be aware of a sensation	ech spiere mech haut net grad an der Rei 	SPIEREN1UNI3	perceive by a physical sensation, e.g., coming from the skin or muscles	0.685939371585846	spieren	VRB	to feel	to be aware of a sensation	ech spiere mech haut net grad an der Rei 	an intuitive awareness;  or	0.7127082943916321	eng intuitivt Bewosstsinn; oder
sprangen	VRB	to jump	to leap	ech ka méi héich sprangen ewéi mäi Brudder 	SPRANGEN1UNI1	cause to jump or leap	0.5970809459686279	sprangen	VRB	to jump	to leap	ech ka méi héich sprangen ewéi mäi Brudder 	the act of jumping; propelling yourself off the ground	0.6434479355812073	d'Handlung vum Héichkommen; sech vum Buedem ofstoussen an an d'Luucht goen
Stach	SUBST	stitch	in sewing, in a suture	um Sam vun der Box sinn e puer Stéch lassgaangen 	STACH1UNI1	a link or loop or knot made by an implement in knitting, crocheting, embroidery, or sewing	0.5981242656707764	Stach	SUBST	stitch	in sewing, in a suture	um Sam vun der Box sinn e puer Stéch lassgaangen 	fasten by sewing; do needlework	0.6128537058830261	Mat Nol a Fuedem befestegen; Bitzaarbecht maachen
stapelen	VRB	to stack	to pile up	stapel d'Bicher net ze héich, soss fält de Koup ëm! 	STAPELEN1UNI1	arrange in stacks	0.4333864450454712	stapelen	VRB	to stack	to pile up	stapel d'Bicher net ze héich, soss fält de Koup ëm! 	an orderly pile	0.627807080745697	Eng uerdentlech Kopp.
stiechen	VRB	to sting	to wound with a sting	d'Kand ass vun enger Harespel gestach ginn 	STIECHEN1UNI3	deliver a sting to	0.6678600907325745	stiechen	VRB	to sting	to wound with a sting	d'Kand ass vun enger Harespel gestach ginn 	a painful wound caused by the thrust of an insect's stinger into skin	0.6822100281715393	eng schmäerzhaft Verletzung, déi entsteet, wann en Insekt säi Stachel an d'Haut stéisst
strecken	VRB	to stretch	to have a stretch	streck dech eng Kéier, da gëss de wakereg! 	STRECKEN1UNI3	extend or stretch out to a greater or the full length	0.6228488087654114	strecken	VRB	to stretch	to have a stretch	streck dech eng Kéier, da gëss de wakereg! 	the capacity for being stretched	0.6628395318984985	d'Fäegkeet fir gedeent ze ginn
streiken	VRB	to strike	to refuse to work	d'Aarbechter streiken , well se dëse Mount nach keng Pai kruten 	STREIKEN1UNI1	stop work in order to press demands	0.5971176028251648	streiken	VRB	to strike	to refuse to work	d'Aarbechter streiken , well se dëse Mount nach keng Pai kruten 	a group's refusal to work in protest against low pay or bad work conditions	0.6891776323318481	d'Weigere vun enger Grupp vu Leit, fir ze schaffen, als Protest géint niddreg Léin oder schlecht Aarbechtsbedéngungen
stréilen	VRB	to stroke	to caress	eis Kaz léisst sech net vu jidderengem stréilen 	STREILEN1UNI2	touch lightly and repeatedly, as with brushing motions	0.5922623872756958	stréilen	VRB	to stroke	to caress	eis Kaz léisst sech net vu jidderengem stréilen 	a light touch with the hands	0.6505907773971558	eng liicht Beréierung mat den Hänn
Studie	SUBST	studies	university education	als Ofschloss vu senge Studie muss de Student e Memoire schreiwen 	STUDIE1UNI2	a branch of knowledge	0.3738158941268921	Studie	SUBST	studies	university education	als Ofschloss vu senge Studie muss de Student e Memoire schreiwen 	be a student; follow a course of study; be enrolled at an institute of learning	0.6224825978279114	E Student sinn; e Cours oder eng Formatioun maachen; op enger Héichschoul oder enger anerer Bildungseinrichtung ageschriwwe sinn.
Studium	SUBST	studies	academic education	als Ofschloss vu sengem Studium muss de Student e Memoire schreiwen 	STUDIUM1UNI1	applying the mind to learning and understanding a subject (especially by reading)	0.4437118172645569	Studium	SUBST	studies	academic education	als Ofschloss vu sengem Studium muss de Student e Memoire schreiwen 	be a student; follow a course of study; be enrolled at an institute of learning	0.6434528231620789	E Student sinn; e Cours oder eng Formatioun op enger Héichschoul oder enger anerer Bildungseinrichtung maachen; ageschriwwe sinn an enger Léieranstalt.
tässelen	VRB	to stack	to pile up	ech hëllefen dem Papp hannerem Haus d'Holz tässelen 	TASSELEN1UNI2	arrange in stacks	0.4333864450454712	tässelen	VRB	to stack	to pile up	ech hëllefen dem Papp hannerem Haus d'Holz tässelen 	an orderly pile	0.627807080745697	Eng propper openee geluechte Koup.
tätowéieren	VRB	to tattoo	to mark with a tattoo	ech hu schonn zwee Piercingen, ech géif mech och gär tätowéiere loossen 	TATOWEIEREN1UNI2	stain (skin) with indelible color	0.4883621335029602	tätowéieren	VRB	to tattoo	to mark with a tattoo	ech hu schonn zwee Piercingen, ech géif mech och gär tätowéiere loossen 	a design on the skin made by tattooing	0.7227673530578613	e Muster, dat mat Faarf an d'Haut gestach gëtt
testen	VRB	to test	to check, to examine	no mengem Accident huet den Dokter meng Reflexer getest 	TESTEN2UNI1	test or examine for the presence of disease or infection	0.5792272090911865	testen	VRB	to test	to check, to examine	no mengem Accident huet den Dokter meng Reflexer getest 	the act of testing something	0.6093862056732178	d'Handlung fir eppes ze iwwerpréiwen
Ticket	SUBST	ticket	entrance, travel	mir hunn eis Tickete fir an de Kino doheem leie gelooss! 	TICKET1UNI1	a commercial document showing that the holder is entitled to something (as to ride on public transportation or to enter a public entertainment)	0.2313998341560363	Ticket	SUBST	ticket	entrance, travel	mir hunn eis Tickete fir an de Kino doheem leie gelooss! 	provide with a ticket for passage or admission	0.6233118772506714	Eng Entréeskaart ginn, fir Zougang oder Entrée ze kréien.
tippen	VRB	to tap	to touch	tipp däin Noper emol op d'Schëller! 	TIPPEN1UNI4	make light, repeated taps on a surface	0.417445421218872	tippen	VRB	to tap	to touch	tipp däin Noper emol op d'Schëller! 	a light touch or stroke	0.6295718550682068	eng liicht Beréierung oder e liichte Schlag
Tortur	SUBST	torture	suffering	fir mech ass et eng Tortur , de ganze Mëtteg duerch d'Butteker ze lafen 	TORTUR1UNI2	intense feelings of suffering; acute mental or physical pain	0.5759578943252563	Tortur	SUBST	torture	suffering	fir mech ass et eng Tortur , de ganze Mëtteg duerch d'Butteker ze lafen 	torment emotionally or mentally	0.6128959655761719	Emotional oder mental Qualen zoufügen.
Total	SUBST	total	sum, number	den Total chiffréiert sech op 500 Milliounen Euro 	TOTAL2UNI1	a quantity obtained by the addition of a group of numbers	0.680128276348114	Total	SUBST	total	sum, number	den Total chiffréiert sech op 500 Milliounen Euro 	add up in number or quantity	0.7520883083343506	zesummenzielen an Zuel oder Quantitéit
Tour	SUBST	turn	of rotation	dréi d'Schrauwen nach en hallwen Tour bäi! 	TOUR1UNI7	turning or twisting around (in place)	0.6214473247528076	Tour	SUBST	turn	of rotation	dréi d'Schrauwen nach en hallwen Tour bäi! 	accomplish by rotating	0.7132916450500488	Eppes fäerdegbréngen, andeems een et dréint.
transferéieren	VRB	to transfer	to relocate, to redeploy, to reallocate, to transport	aus Käschtegrënn transferéiert eis Firma en Deel vun der Produktioun an d'Ausland 	TRANSFEREIEREN1UNI2	shift the position or location of, as for business, legal, educational, or military purposes	0.6170626878738403	transferéieren	VRB	to transfer	to relocate, to redeploy, to reallocate, to transport	aus Käschtegrënn transferéiert eis Firma en Deel vun der Produktioun an d'Ausland 	the act of moving something from one location to another	0.6867737174034119	D'Handlung, eppes vun enger Plaz op eng aner ze beweegen.
Transfert	SUBST	transfer	relocation, redeployment, reallocation	ech hunn en Transfert an en anere Service ugefrot 	TRANSFERT1UNI1	the act of moving something from one location to another	0.6316177845001221	Transfert	SUBST	transfer	relocation, redeployment, reallocation	ech hunn en Transfert an en anere Service ugefrot 	shift the position or location of, as for business, legal, educational, or military purposes	0.6932421922683716	Eng Positioun oder eng Plaz wiesselen, zum Beispill aus geschäftlechen, juristeschen, schouleschen oder militäresche Grënn.
ufänken	VRB	to light	to ignite	géi e puer dier Äscht sichen, fir d'Feier unzefänken ! 	UFANKEN1UNI2	cause to start burning; subject to fire or great heat	0.558799684047699	ufänken	VRB	to light	to ignite	géi e puer dier Äscht sichen, fir d'Feier unzefänken ! 	a device for lighting or igniting fuel or charges or fires	0.612991452217102	En Apparat fir Brennstoff, Sprengluedungen oder Feier unzemaachen oder unzestiechen.
ugräifen	VRB	to attack	to assault, to assail	dat Land huet säin Noper ouni Krichserklärung ugegraff 	UGRAIFEN1UNI1	attack someone physically or emotionally	0.5630038380622864	ugräifen	VRB	to attack	to assault, to assail	dat Land huet säin Noper ouni Krichserklärung ugegraff 	the act of attacking	0.7003904581069946	d'Handlung vum Ugrëff maachen
umaachen	VRB	to light	to ignite	nom Iesse maachen ech ëmmer eng Zigarett un 	UMAACHEN1UNI3	cause to start burning; subject to fire or great heat	0.558799684047699	umaachen	VRB	to light	to ignite	nom Iesse maachen ech ëmmer eng Zigarett un 	a device for lighting or igniting fuel or charges or fires	0.612991452217102	En Apparat fir Brennstoff, Sprengluedungen oder Feier unzefänken oder unzestiechen.
unhunn	VRB	to wear	clothing, an accessory	fréier haten d'Schoulkanner all Schiertecher un 	UNHUNN1UNI1	put clothing on one's body	0.5778341889381409	unhunn	VRB	to wear	clothing, an accessory	fréier haten d'Schoulkanner all Schiertecher un 	the act of having on your person as a covering or adornment	0.6511086225509644	D'Aktioun eppes als Schutz oder Dekoratioun um Kierper ze droen
Unzuel	SUBST	number	quantity	d'Federatioun vergëtt all Joer nëmmen eng begrenzten Unzuel Lizenzen 	UNZUEL1UNI1	a concept of quantity involving zero and units	0.468132346868515	Unzuel	SUBST	number	quantity	d'Federatioun vergëtt all Joer nëmmen eng begrenzten Unzuel Lizenzen 	add up in number or quantity	0.6148874759674072	zesummerechnen an Zuel oder Quantitéit
Ursaach	SUBST	excuse	justification	mäin Aarbechtskolleeg kënnt all Dag mat enger anerer Ursaach ze spéit op de Büro 	URSAACH1UNI2	a defense of some offensive behavior or some failure to keep a promise etc.	0.4170759916305542	Ursaach	SUBST	excuse	justification	mäin Aarbechtskolleeg kënnt all Dag mat enger anerer Ursaach ze spéit op de Büro 	serve as a reason or cause or justification of	0.6320908069610596	Als Grond oder Erklärung fir eppes déngen.
veränneren	VRB	to change	to modify	gesellschaftlech Changementer kënnen d'Mentalitéit vun de Leit lues a lues veränneren 	VERANNEREN1UNI1	cause to change; make different; cause a transformation	0.5487151741981506	veränneren	VRB	to change	to modify	gesellschaftlech Changementer kënnen d'Mentalitéit vun de Leit lues a lues veränneren 	the result of alteration or modification	0.6593734622001648	D'Resultat vun enger Ännerung oder Upassung.
verlaangen	VRB	to demand	to insist on having	d'Cheffin verlaangt absolut Loyalitéit vun hire Mataarbechter 	VERLAANGEN1UNI1	require as useful, just, or proper	0.3410484194755554	verlaangen	VRB	to demand	to insist on having	d'Cheffin verlaangt absolut Loyalitéit vun hire Mataarbechter 	the act of demanding	0.6193472743034363	d'Aktioun fir eppes mat Nodrock ze froen
Vermëttlung	SUBST	imparting	knowledge, skills	den Educatiounsministère huet didaktescht Material fir d'Vermëttlung vun eiser Sprooch zur Verfügung gestallt 	VERMETTLUNG1UNI3	the transmission of information	0.3409261107444763	Vermëttlung	SUBST	imparting	knowledge, skills	den Educatiounsministère huet didaktescht Material fir d'Vermëttlung vun eiser Sprooch zur Verfügung gestallt 	transmit (knowledge or skills)	0.635210394859314	Wëssen oder Fäegkeeten un anerer weiderginn.
vernoléissegen	VRB	to neglect	to fail to care for	wéinst sengem Beruff huet hie seng Famill a leschter Zäit vernoléissegt 	VERNOLEISSEGEN1UNI1	fail to attend to	0.5407330393791199	vernoléissegen	VRB	to neglect	to fail to care for	wéinst sengem Beruff huet hie seng Famill a leschter Zäit vernoléissegt 	willful lack of care and attention	0.6998751163482666	bewosst feelend Suerg an Opmierksamkeet
verpassen	VRB	to miss	to fail to meet	mir sollten eis op der Gare treffen, mee mir hunn eis verpasst 	VERPASSEN1UNI2	fail to attend an event or activity	0.4869944155216217	verpassen	VRB	to miss	to fail to meet	mir sollten eis op der Gare treffen, mee mir hunn eis verpasst 	a failure to hit (or meet or find etc)	0.7228959202766418	net fäerdegbréngen ze treffen (oder ze begéinen oder ze fannen asw.)
verproviantéieren	VRB	to supply	to provide with	d'Arméi huet d'Leit aus dem Krisegebitt mat Waasser a Liewensmëttel verproviantéiert 	VERPROVIANTEIEREN1UNI1	give something useful or necessary to	0.5721272230148315	verproviantéieren	VRB	to supply	to provide with	d'Arméi huet d'Leit aus dem Krisegebitt mat Waasser a Liewensmëttel verproviantéiert 	the activity of supplying or providing something	0.6196448802947998	D'Aktivitéit fir eppes ze liwweren oder zur Verfügung ze stellen.
verschaffen	VRB	to use	to utilize	eise Schräiner verschafft nëmmen Holz aus der Géigend 	VERSCHAFFEN1UNI1	use up, consume fully	0.5879111886024475	verschaffen	VRB	to use	to utilize	eise Schräiner verschafft nëmmen Holz aus der Géigend 	the act of using	0.6322040557861328	d'Handlung vum Benotzen
Verständnis	SUBST	understanding	perception	no mengem Verständnis läis de falsch mat denger Behaaptung 	VERSTANDNIS1UNI2	the cognitive condition of someone who understands	0.4194038808345794	Verständnis	SUBST	understanding	perception	no mengem Verständnis läis de falsch mat denger Behaaptung 	perceive (an idea or situation) mentally	0.6678105592727661	Eng Iddi oder Situatioun geeschteg erfaassen.
Vertrag	SUBST	contract	legal agreement	mir hunn de Vertrag mat der Botzfirma gekënnegt 	VERTRAG1UNI1	a binding agreement between two or more persons that is enforceable by law	0.65642911195755	Vertrag	SUBST	contract	legal agreement	mir hunn de Vertrag mat der Botzfirma gekënnegt 	engage by written agreement	0.6658014059066772	Sech schrëftlech op eppes eenegen.
verwenden	VRB	to use	to make use of	wier et net gutt, méi Sue fir d'Recherche ze verwenden ? 	VERWENDEN1UNI1	use up, consume fully	0.5897121429443359	verwenden	VRB	to use	to make use of	wier et net gutt, méi Sue fir d'Recherche ze verwenden ? 	the act of using	0.6653586030006409	d'Handlung eppes ze benotzen
violéieren	VRB	to rape	to assault sexually	hie sëtzt am Prisong, well en eng Fra violéiert huet 	VIOLEIEREN1UNI2	force (someone) to have sex against their will	0.5881779193878174	violéieren	VRB	to rape	to assault sexually	hie sëtzt am Prisong, well en eng Fra violéiert huet 	the crime of forcing a woman to submit to sexual intercourse against her will	0.6631085872650146	D'Strofdot, bei där eng Fra géint hire Wëlle gezwonge gëtt, Geschlechtsverkéier ze hunn.
Wäin	SUBST	wine	drink	ech drénke beim Iesse gären e Pättche Roude Wäin 	WAIN1UNI1	a red as dark as red wine	0.2301196604967117	Wäin	SUBST	wine	drink	ech drénke beim Iesse gären e Pättche Roude Wäin 	drink wine	0.6793031692504883	Wäin drénken
weiderkommen	VRB	to progress	to move forwards	wéinst dem Schnéi si mer nëmme lues weiderkomm 	WEIDERKOMMEN1UNI2	move forward, also in the metaphorical sense	0.7570154070854187	weiderkommen	VRB	to progress	to move forwards	wéinst dem Schnéi si mer nëmme lues weiderkomm 	a movement forward	0.7762832641601562	eng Beweegung no vir
wéidoen	VRB	to hurt	to injure	looss dat Messer lass a gëff mir et, ier s de nach engem wéigedoen hues ! 	WEIDOEN1UNI2	give trouble or pain to	0.4585159122943878	wéidoen	VRB	to hurt	to injure	looss dat Messer lass a gëff mir et, ier s de nach engem wéigedoen hues ! 	the act of damaging something or someone	0.6128644943237305	D'Handlung, eppes oder engem ze schueden.
Wierfel	SUBST	dice	small cube	de Kach schneit d'Gromperen a kleng Wierfelen 	WIERFEL1UNI2	a small cube with 1 to 6 spots on the six faces; used in gambling to generate random numbers	0.5642545819282532	Wierfel	SUBST	dice	small cube	de Kach schneit d'Gromperen a kleng Wierfelen 	cut into cubes	0.6198244094848633	a Wierfelform schneiden
Wollek	SUBST	cloud	billowing mass	wéi mer deen ale Schaf opgemaach hunn, ass eis eng Wollek Stëbs entgéintkomm 	WOLLEK1UNI2	a visible mass of water or ice particles suspended at a considerable altitude	0.5542948842048645	Wollek	SUBST	cloud	billowing mass	wéi mer deen ale Schaf opgemaach hunn, ass eis eng Wollek Stëbs entgéintkomm 	billow up in the form of a cloud	0.63581383228302	A sech a Form vun enger Dampmass no uewen ausbreeden.
Zäit	SUBST	time	measured time	ech sinn de Marathon an enger gudder Zäit gelaf 	ZAIT1UNI7	a reading of a point in time as given by a clock	0.6436370611190796	Zäit	SUBST	time	measured time	ech sinn de Marathon an enger gudder Zäit gelaf 	measure the time or duration of an event or action or the person who performs an action in a certain period of time	0.7613593339920044	Mooss vun der Dauer vun engem Evenement oder enger Handlung, oder d'Persoun, déi eng Handlung an enger bestëmmter Period duerchféiert.
Zeechen	SUBST	mark	distinguishing feature	fréier hunn d'Baueren de Ranner en Zeechen agebrannt 	ZEECHEN1UNI1	a distinguishing symbol	0.5630200505256653	Zeechen	SUBST	mark	distinguishing feature	fréier hunn d'Baueren de Ranner en Zeechen agebrannt 	be a distinctive feature, attribute, or trait; sometimes in a very positive sense	0.6032509803771973	Eng charakteristesch Eegenschaft oder Besonneschkeet sinn; heiansdo an engem ganz positive Sënn.
zouspillen	VRB	to pass	the ball	de Verteideger huet dem Stiermer de Ball zougespillt 	ZOUSPILLEN1UNI1	throw (a ball) to another player	0.5471492409706116	zouspillen	VRB	to pass	the ball	de Verteideger huet dem Stiermer de Ball zougespillt 	of advancing the ball by throwing it	0.6049838066101074	de Ball no vir bréngen, andeems een e gehäit
Zuel	SUBST	number	quantity	dës Kalennere goufen nëmmen a beschränkter Zuel gedréckt 	ZUEL1UNI2	a concept of quantity involving zero and units	0.468132346868515	Zuel	SUBST	number	quantity	dës Kalennere goufen nëmmen a beschränkter Zuel gedréckt 	add up in number or quantity	0.6148874759674072	matenee zesummerechnen an der Quantitéit oder Unzuel eropgoen
